setup,universe,tf,variant,coins,signals_is,plateau_t,best_t,breadth,p_coin,p_time,p_dir,edge_type,entry_atr,tp_atr,sl_atr,h_bars,oos_plateau_pct,oos_plateau_n
absorption,1-50,1h,"{""r"": 0.05}",50,1944,-1.129990932322613,-0.3405875606387915,0.0,0.9803921568627451,0.8627450980392157,0.9411764705882353,,0.5,3.0,1.0,72.0,0.09760861885538015,581.0
absorption,1-50,1h,"{""r"": 0.08}",50,643,1.1084122721768592,1.9419974511702496,0.3682539682539683,0.21568627450980393,0.21568627450980393,0.3333333333333333,,1.0,1.5,1.5,24.0,-0.1185676736012271,136.0
absorption,1-50,1h,"{""r"": 0.12}",50,130,2.2623232136995615,2.747887162398912,0.6714285714285714,0.0392156862745098,0.0784313725490196,0.19607843137254902,момент и монета,0.25,2.0,1.5,6.0,-0.27564012299628565,58.0
aggressor,1-50,1h,"{""vm"": 3}",50,101,0.7617554638001032,1.6875913170646843,0.16825396825396827,0.6862745098039216,0.803921568627451,0.5490196078431373,,0.25,4.0,2.0,72.0,1.0274856337054508,34.0
aggressor,1-50,1h,"{""vm"": 5}",50,28,,,,1.0,1.0,1.0,,,,,,,
aggressor,1-50,1h,"{""vm"": 8}",50,8,,,,1.0,1.0,1.0,,,,,,,
capitulation,1-50,1h,"{""move_atr"": 3, ""oi_drop"": 0.02}",50,66,0.8220785773665398,2.174476055888014,0.22698412698412698,0.6862745098039216,0.7450980392156863,0.6274509803921569,,0.5,1.0,3.0,6.0,-2.0602157341655403,31.0
capitulation,1-50,1h,"{""move_atr"": 4, ""oi_drop"": 0.03}",50,20,,,,1.0,1.0,1.0,,,,,,,
capitulation,1-50,1h,"{""move_atr"": 5, ""oi_drop"": 0.04}",50,8,,,,1.0,1.0,1.0,,,,,,,
funding_fade,1-50,1h,"{""z"": 1.5}",50,340,0.5275922735808638,0.9363008316729914,0.07301587301587302,0.803921568627451,0.45098039215686275,0.49019607843137253,,-0.5,2.0,3.0,6.0,-0.5593784617020905,90.0
funding_fade,1-50,1h,"{""z"": 2.0}",50,214,0.1242438703285192,0.85604817142949,0.0873015873015873,1.0,0.7058823529411765,0.7450980392156863,,-0.5,4.0,3.0,72.0,-2.1300343184958934,62.0
funding_fade,1-50,1h,"{""z"": 2.5}",50,134,0.8933301217829877,1.5889884907896574,0.11428571428571428,0.803921568627451,0.4117647058823529,0.3333333333333333,,-0.5,4.0,3.0,72.0,-1.8976149535883047,41.0
h001_liq_knife_limit,1-50,15m,"{""k"": 0.25}",50,5777,2.9187329236719894,4.759351468095376,0.18888888888888888,0.23529411764705882,0.0196078431372549,0.0196078431372549,момент (рыночный),1.0,2.0,3.0,32.0,-0.05546025939346379,1519.0
h001_liq_knife_limit,1-50,15m,"{""k"": 0.5}",50,5777,2.9187329236719894,4.759351468095376,0.18888888888888888,0.23529411764705882,0.0196078431372549,0.0196078431372549,момент (рыночный),1.0,2.0,3.0,32.0,-0.05546025939346379,1519.0
h001_liq_knife_limit,1-50,15m,"{""k"": 1.0}",50,5777,2.9187329236719894,4.759351468095376,0.18888888888888888,0.23529411764705882,0.0196078431372549,0.0196078431372549,момент (рыночный),1.0,2.0,3.0,32.0,-0.05546025939346379,1519.0
h002_liq_decay_break,1-50,15m,"{""n"": 2}",50,8642,-1.0227665627796594,-0.07573538708137595,0.0,1.0,0.37254901960784315,0.5098039215686274,,1.0,1.5,3.0,96.0,-0.054727256806133814,2121.0
h002_liq_decay_break,1-50,15m,"{""n"": 4}",50,6644,0.44924449223728874,1.1764812977314225,0.06507936507936508,1.0,0.0392156862745098,0.29411764705882354,,0.5,1.5,3.0,32.0,0.027066314795451116,2327.0
h002_liq_decay_break,1-50,15m,"{""n"": 8}",50,4792,0.6233508133432621,1.170204931001795,0.049206349206349205,0.6862745098039216,0.0392156862745098,0.19607843137254902,момент (рыночный),1.0,1.5,3.0,32.0,0.13601918863059642,1117.0
h003_liq_absorb,1-50,15m,"{""m"": 1.0}",50,10146,-0.7634322332602463,0.9115471689665481,0.0031746031746031746,1.0,0.19607843137254902,0.13725490196078433,момент (рыночный),1.0,1.5,3.0,96.0,0.20616881546162755,2436.0
h003_liq_absorb,1-50,15m,"{""m"": 1.5}",50,16331,-0.65992368664595,0.7390559349715473,0.009523809523809525,0.9607843137254902,0.13725490196078433,0.0392156862745098,момент (рыночный),1.0,2.0,3.0,96.0,0.10956926243328813,4025.0
h003_liq_absorb,1-50,15m,"{""m"": 2.0}",50,18905,-0.22892461785369264,1.2381238470123064,0.022222222222222223,0.9411764705882353,0.0392156862745098,0.0392156862745098,момент (рыночный),1.0,2.0,3.0,96.0,0.1170718576927527,4690.0
h004_bottom_squeeze_trap,1-50,15m,"{""k"": 3}",50,1736,1.4739877415538516,2.1840222014119335,0.23492063492063492,0.0196078431372549,0.09803921568627451,0.23529411764705882,,0.5,4.0,3.0,96.0,-0.968310447004298,1004.0
h004_bottom_squeeze_trap,1-50,15m,"{""k"": 6}",50,1188,2.077402458976709,2.484871743670743,0.4015873015873016,0.058823529411764705,0.0196078431372549,0.21568627450980393,,0.5,4.0,3.0,96.0,-1.2340792484036338,644.0
h004_bottom_squeeze_trap,1-50,15m,"{""k"": 12}",50,684,2.4018135894622876,3.24892769601136,0.5190476190476191,0.0196078431372549,0.058823529411764705,0.17647058823529413,момент и монета,0.5,4.0,3.0,96.0,-1.4514286902968017,377.0
h005_cascade_accel,1-50,5m,"{""th"": 0.0005}",50,2225,-0.40710197138230947,0.6837447645618756,0.007936507936507936,0.21568627450980393,0.11764705882352941,0.5294117647058824,,1.0,2.0,3.0,48.0,-0.17705778139168787,920.0
h005_cascade_accel,1-50,5m,"{""th"": 0.001}",50,2090,-0.6733117379676469,0.06588496569943614,0.0015873015873015873,0.2549019607843137,0.09803921568627451,0.7450980392156863,,1.0,3.0,3.0,48.0,-0.12730933964879926,815.0
h005_cascade_accel,1-50,5m,"{""th"": 0.002}",50,1922,-0.4249404624600315,0.8114235776872433,0.011111111111111112,0.29411764705882354,0.058823529411764705,0.5686274509803921,,1.0,2.0,3.0,48.0,-0.10542103318046028,726.0
h006_oi_up_in_cascade,1-50,15m,"{""x"": 0.0}",50,4613,4.566265579697517,6.316112232562982,0.3746031746031746,0.19607843137254902,0.0196078431372549,0.0196078431372549,момент и монета,1.0,2.0,3.0,32.0,0.16524004861505218,1171.0
h006_oi_up_in_cascade,1-50,15m,"{""x"": 0.005}",50,3312,4.681598812570603,6.318322613482573,0.43492063492063493,0.3333333333333333,0.0196078431372549,0.0196078431372549,момент (рыночный),1.0,2.0,3.0,32.0,0.22272045051545908,899.0
h006_oi_up_in_cascade,1-50,15m,"{""x"": 0.015}",50,1315,6.00979389616511,6.810826053075209,0.653968253968254,0.0784313725490196,0.0196078431372549,0.0196078431372549,момент и монета,0.5,4.0,3.0,32.0,0.03993181725364571,576.0
h007_idio_cascade,1-50,15m,"{""x"": 1.5}",50,38,1.9353441612945161,3.5070462679662833,0.21825396825396826,0.058823529411764705,0.1568627450980392,0.4117647058823529,,0.5,4.0,3.0,96.0,,21.0
h007_idio_cascade,1-50,15m,"{""x"": 2.0}",50,18,,,,1.0,1.0,1.0,,,,,,,
h007_idio_cascade,1-50,15m,"{""x"": 3.0}",50,6,,,,1.0,1.0,1.0,,,,,,,
h008_v_reclaim_break,1-50,15m,"{""r"": 0.5}",50,3887,-0.08188144837316075,0.4720627787852414,0.014285714285714285,0.5294117647058824,0.3333333333333333,0.13725490196078433,,0.5,3.0,3.0,96.0,0.1089884369728107,1406.0
h008_v_reclaim_break,1-50,15m,"{""r"": 0.65}",50,2249,0.8662589532743454,1.7165415732657663,0.1111111111111111,0.2549019607843137,0.19607843137254902,0.1568627450980392,момент (рыночный),1.0,2.0,3.0,96.0,0.23224894430832255,612.0
h008_v_reclaim_break,1-50,15m,"{""r"": 0.8}",50,1231,0.023761976879178692,0.3527441804684878,0.01746031746031746,0.39215686274509803,0.5882352941176471,0.5294117647058824,,1.0,2.0,3.0,96.0,0.27862457491651976,323.0
h009_whale_cascade_buy,1-50,15m,"{""g"": 0.002}",50,2181,1.7567578484856847,3.091589836042369,0.23174603174603176,0.6078431372549019,0.0392156862745098,0.058823529411764705,момент (рыночный),1.0,2.0,3.0,32.0,-0.05199217176082899,749.0
h009_whale_cascade_buy,1-50,15m,"{""g"": 0.004}",50,1016,2.347445154560254,3.3111498555391745,0.4126984126984127,0.5490196078431373,0.0392156862745098,0.0196078431372549,момент (рыночный),0.25,1.5,3.0,32.0,-0.08773591063418643,662.0
h009_whale_cascade_buy,1-50,15m,"{""g"": 0.008}",50,294,1.5844408488958663,3.1331629352986146,0.346031746031746,0.9019607843137255,0.09803921568627451,0.6666666666666666,,1.0,2.0,3.0,32.0,-0.6373764107956817,151.0
h010_liq_crowd_go,1-50,15m,"{""k"": 5}",50,764,0.14473530311967442,0.6962028664677273,0.031746031746031744,0.5294117647058824,0.29411764705882354,0.7647058823529411,,1.0,2.0,3.0,8.0,-0.5882081313979419,223.0
h010_liq_crowd_go,1-50,15m,"{""k"": 10}",50,492,0.4175371088886284,0.5926793083545966,0.04126984126984127,0.45098039215686275,0.37254901960784315,0.5882352941176471,,0.5,3.0,3.0,8.0,-0.5938424475488638,170.0
h010_liq_crowd_go,1-50,15m,"{""k"": 20}",50,291,0.861659325262549,1.2956573116971655,0.2761904761904762,0.21568627450980393,0.37254901960784315,0.5098039215686274,,0.25,3.0,1.0,8.0,-1.0784830036066668,119.0
h011_liq_divergence,1-50,1h,"{""r"": 1.5}",50,2052,1.658077887274849,2.6869492623332567,0.19365079365079366,0.23529411764705882,0.23529411764705882,0.0392156862745098,,0.25,4.0,3.0,72.0,0.1593303904749289,855.0
h011_liq_divergence,1-50,1h,"{""r"": 2.0}",50,1758,1.0624055952491074,1.9539263261098143,0.1380952380952381,0.5098039215686274,0.43137254901960786,0.058823529411764705,,0.25,4.0,3.0,72.0,0.266883714099224,737.0
h011_liq_divergence,1-50,1h,"{""r"": 3.0}",50,1364,1.0459608323790048,1.7974664803291511,0.13333333333333333,0.2549019607843137,0.39215686274509803,0.0784313725490196,,0.25,3.0,1.5,72.0,0.23188250682879527,580.0
h012_squeeze_retrace,1-50,1h,"{""fr"": 0.382}",50,1273,0.23839608219611177,0.7745550305071094,0.04126984126984127,0.39215686274509803,0.9215686274509803,0.803921568627451,,0.5,1.5,3.0,72.0,0.5609218289711647,431.0
h012_squeeze_retrace,1-50,1h,"{""fr"": 0.5}",50,1273,0.23839608219611177,0.7745550305071094,0.04126984126984127,0.39215686274509803,0.9215686274509803,0.803921568627451,,0.5,1.5,3.0,72.0,0.5609218289711647,431.0
h012_squeeze_retrace,1-50,1h,"{""fr"": 0.618}",50,1273,0.23839608219611177,0.7745550305071094,0.04126984126984127,0.39215686274509803,0.9215686274509803,0.803921568627451,,0.5,1.5,3.0,72.0,0.5609218289711647,431.0
h013_liq_imb_pullback,1-50,1h,"{""s"": 0.65}",50,2302,-1.6863205213664438,-1.0756370851693495,0.0,1.0,1.0,1.0,,1.0,1.0,2.0,72.0,-0.2842538901845341,433.0
h013_liq_imb_pullback,1-50,1h,"{""s"": 0.75}",50,1947,-0.9551129890771191,-0.41630142741682724,0.0,0.9607843137254902,1.0,1.0,,0.25,1.5,2.0,24.0,-0.26657172956278563,629.0
h013_liq_imb_pullback,1-50,1h,"{""s"": 0.85}",50,1456,-0.9218874469391847,-0.46367662932496173,0.0,0.9803921568627451,0.9803921568627451,1.0,,1.0,1.5,3.0,72.0,-0.8615612233043188,213.0
h014_liq_side_flip,1-50,1h,"{""s"": 0.6}",50,2737,0.18334276476184178,0.8107515551318445,0.0380952380952381,0.29411764705882354,0.8627450980392157,0.9215686274509803,,1.0,4.0,3.0,72.0,0.6368498691561247,592.0
h014_liq_side_flip,1-50,1h,"{""s"": 0.7}",50,2012,0.388075288045564,0.8410634099425814,0.0761904761904762,0.2549019607843137,0.5882352941176471,0.8627450980392157,,0.5,3.0,3.0,72.0,0.22902871770398733,584.0
h014_liq_side_flip,1-50,1h,"{""s"": 0.8}",50,1291,0.29212991490427126,0.8453049625601897,0.06666666666666667,0.7450980392156863,0.803921568627451,0.6666666666666666,,0.25,2.0,3.0,72.0,0.4747569736951902,376.0
h015_fund_flip_cascade,1-50,1h,"{""th"": 0.0015}",50,613,0.8345096621891455,1.1951185814697063,0.16031746031746033,0.9607843137254902,0.8823529411764706,0.7450980392156863,,0.5,1.5,3.0,6.0,0.5164313763031355,158.0
h015_fund_flip_cascade,1-50,1h,"{""th"": 0.003}",50,532,0.042805994839053056,0.3154680978046541,0.03015873015873016,1.0,0.9607843137254902,0.8823529411764706,,0.5,1.5,3.0,6.0,0.5253611347956741,140.0
h015_fund_flip_cascade,1-50,1h,"{""th"": 0.006}",50,422,-0.18818729073800705,0.28375238522133,0.014285714285714285,0.9607843137254902,1.0,0.9215686274509803,,0.5,2.0,3.0,6.0,0.047165382365945176,121.0
h016_crowd_ignition,1-50,1h,"{""q"": 0.1}",50,290,0.6169554001949368,1.0743113687693489,0.08412698412698413,0.17647058823529413,0.7450980392156863,0.35294117647058826,,0.25,4.0,3.0,24.0,0.7340009441731878,82.0
h016_crowd_ignition,1-50,1h,"{""q"": 0.2}",50,410,0.2003011534646571,0.6986581235888861,0.0380952380952381,0.47058823529411764,0.9019607843137255,0.5882352941176471,,0.25,4.0,3.0,24.0,0.9294948588058263,118.0
h016_crowd_ignition,1-50,1h,"{""q"": 0.3}",50,507,-0.5990394669414967,0.4818448695913517,0.007936507936507936,0.7058823529411765,1.0,0.9607843137254902,,0.5,4.0,1.0,24.0,0.3031604016942131,138.0
h017_no_bounce_cont,1-50,1h,"{""b"": 0.4}",50,835,3.715195982908776,4.197917193967549,0.7714285714285715,0.11764705882352941,0.0392156862745098,0.0196078431372549,момент и монета,0.5,1.5,2.0,6.0,0.12702497225788084,297.0
h017_no_bounce_cont,1-50,1h,"{""b"": 0.5}",50,1869,3.254490666836549,3.9282812762283346,0.6523809523809524,0.4117647058823529,0.058823529411764705,0.0196078431372549,момент (рыночный),1.0,1.5,3.0,6.0,0.6774877222462705,355.0
h017_no_bounce_cont,1-50,1h,"{""b"": 0.6}",50,2884,3.823365171625309,4.417038925593563,0.6238095238095238,0.45098039215686275,0.0196078431372549,0.0392156862745098,момент (рыночный),0.25,1.5,3.0,24.0,0.5648023639795174,1143.0
h018_trend_shakeout,1-50,1h,"{""v"": 0.015}",50,4044,3.498700997333799,4.377283815694065,0.5253968253968254,0.0196078431372549,0.29411764705882354,0.0196078431372549,выбор монеты,0.25,4.0,3.0,72.0,1.2183002959726343,1776.0
h018_trend_shakeout,1-50,1h,"{""v"": 0.025}",50,1849,3.665098282201664,4.562474170188116,0.6666666666666666,0.0196078431372549,0.2549019607843137,0.0196078431372549,выбор монеты,0.25,4.0,3.0,72.0,1.5666302197633521,911.0
h018_trend_shakeout,1-50,1h,"{""v"": 0.04}",50,649,3.624559908500907,4.538368096094933,0.7158730158730159,0.0196078431372549,0.23529411764705882,0.0196078431372549,выбор монеты,0.25,4.0,3.0,72.0,2.3026804080519256,435.0
h019_oi_driver_fade,1-50,1h,"{""rho"": 0.3}",50,3077,2.137300581776049,3.171737279237817,0.26666666666666666,0.7450980392156863,0.23529411764705882,0.19607843137254902,,1.0,1.5,3.0,6.0,0.19458755310576337,478.0
h019_oi_driver_fade,1-50,1h,"{""rho"": 0.5}",50,2849,2.207294211782987,3.196825603224367,0.2857142857142857,0.7647058823529411,0.13725490196078433,0.0784313725490196,момент (рыночный),1.0,1.5,3.0,6.0,0.23684504999559483,445.0
h019_oi_driver_fade,1-50,1h,"{""rho"": 0.7}",50,2201,3.1684341167530423,4.0407582035361465,0.40476190476190477,0.39215686274509803,0.0196078431372549,0.058823529411764705,момент (рыночный),1.0,1.5,3.0,6.0,0.4216301871335727,347.0
h020_oi_roundtrip,1-50,1h,"{""v"": 0.02}",50,2293,3.074562737631103,4.313746932948971,0.37777777777777777,0.0196078431372549,0.39215686274509803,0.0392156862745098,выбор монеты,0.25,4.0,3.0,72.0,1.0406355783122514,871.0
h020_oi_roundtrip,1-50,1h,"{""v"": 0.035}",50,848,2.7667851357437296,4.064524221550364,0.44603174603174606,0.0196078431372549,0.6078431372549019,0.0196078431372549,выбор монеты,0.25,4.0,3.0,72.0,1.0790939019866792,407.0
h020_oi_roundtrip,1-50,1h,"{""v"": 0.06}",50,236,2.2768580177049604,3.464298473078903,0.45714285714285713,0.0392156862745098,0.7647058823529411,0.0196078431372549,выбор монеты,0.0,4.0,3.0,72.0,2.988737809613737,184.0
liq_flush,1-50,15m,"{""k"": 5}",50,2774,1.6456155560506542,2.5078909570693253,0.4222222222222222,0.8235294117647058,0.0392156862745098,0.4117647058823529,,1.0,1.5,1.5,32.0,-0.09661919121465107,647.0
liq_flush,1-50,15m,"{""k"": 10}",50,1867,1.7990625106254714,2.7217453860121874,0.44761904761904764,0.8627450980392157,0.11764705882352941,0.3137254901960784,,1.0,1.5,1.5,32.0,-0.22881135658160737,395.0
liq_flush,1-50,15m,"{""k"": 20}",50,1139,2.4016550662971397,3.2823438880133438,0.5412698412698412,0.7058823529411765,0.0392156862745098,0.11764705882352941,момент (рыночный),1.0,1.5,3.0,32.0,-0.4293437466186119,230.0
oi_breakout,1-50,1h,"{""n"": 24}",50,2250,-0.34504013640734343,0.27349145797901286,0.015873015873015872,0.27450980392156865,0.9803921568627451,0.9215686274509803,,1.0,4.0,3.0,24.0,1.5061948952774784,740.0
oi_breakout,1-50,1h,"{""n"": 48}",50,1832,-0.2146145747961703,0.4316576169758803,0.015873015873015872,0.17647058823529413,0.9607843137254902,0.9411764705882353,,1.0,3.0,3.0,24.0,1.1462220509866594,614.0
oi_breakout,1-50,1h,"{""n"": 96}",50,1424,-0.4830997727282662,0.3947167851398041,0.007936507936507936,0.23529411764705882,1.0,0.9215686274509803,,1.0,1.5,3.0,24.0,0.6684083916413669,508.0
squeeze_breakout,1-50,1h,"{""oi_up"": 0.0}",50,1353,-0.7752180292793569,0.0004356794847773509,0.0015873015873015873,0.4117647058823529,0.9803921568627451,1.0,,0.5,1.5,3.0,72.0,-0.9211949679275397,339.0
squeeze_breakout,1-50,1h,"{""oi_up"": 0.03}",50,341,2.348777956077342,3.56830754102164,0.5396825396825397,0.058823529411764705,0.13725490196078433,0.058823529411764705,момент и монета,1.0,4.0,3.0,72.0,-1.9563478366419838,93.0
squeeze_breakout,1-50,1h,"{""oi_up"": 0.06}",50,84,2.6221231845813486,4.445502065148784,0.4015873015873016,0.0196078431372549,0.09803921568627451,0.0392156862745098,момент и монета,1.0,2.0,3.0,72.0,,22.0
squeeze_fuel,1-50,1h,"{""oi_up"": 0.05}",50,131,1.169717298509947,1.5336315969095065,0.10634920634920635,0.7843137254901961,0.29411764705882354,0.45098039215686275,,1.0,3.0,3.0,6.0,,20.0
squeeze_fuel,1-50,1h,"{""oi_up"": 0.1}",50,28,,,,1.0,1.0,1.0,,,,,,,
squeeze_fuel,1-50,1h,"{""oi_up"": 0.15}",50,10,,,,1.0,1.0,1.0,,,,,,,
stop_hunter,1-50,1h,"{""sens"": 1}",50,10446,2.809142842197022,3.62768491029664,0.2619047619047619,0.13725490196078433,0.5098039215686274,0.0196078431372549,выбор монеты,0.25,2.0,3.0,72.0,0.1537500981529383,3596.0
stop_hunter,1-50,1h,"{""sens"": 2}",50,8991,3.025208298926164,3.888525140965363,0.30952380952380953,0.13725490196078433,0.37254901960784315,0.0196078431372549,выбор монеты,0.25,2.0,3.0,72.0,0.13772226537747972,3074.0
stop_hunter,1-50,1h,"{""sens"": 3}",50,5912,2.543193807936989,3.149623338949179,0.2841269841269841,0.0392156862745098,0.43137254901960786,0.0392156862745098,выбор монеты,0.25,1.5,3.0,72.0,0.06419147940021151,2038.0
sweep,1-50,1h,"{""vmult"": 1.0}",50,4473,-0.43440778379979783,-0.1622194458792312,0.0,0.9607843137254902,0.6078431372549019,1.0,,1.0,4.0,3.0,72.0,-0.3428029901263799,926.0
sweep,1-50,1h,"{""vmult"": 1.5}",50,3318,0.2884115469351374,0.650683649947183,0.03333333333333333,0.9411764705882353,0.29411764705882354,0.9215686274509803,,1.0,4.0,3.0,6.0,-0.3081428339829231,717.0
sweep,1-50,1h,"{""vmult"": 2.5}",50,1691,-0.44389846694030605,-0.008191488836211014,0.0,0.9215686274509803,0.8823529411764706,0.9607843137254902,,1.0,4.0,3.0,6.0,-0.4738161178587127,350.0
whales_vs_crowd,1-50,1h,"{""gap"": 0.05}",50,7637,1.2670363612385454,2.0187288168328856,0.10317460317460317,0.0392156862745098,0.8823529411764706,0.6862745098039216,,1.0,4.0,3.0,72.0,0.7236837978496805,2287.0
whales_vs_crowd,1-50,1h,"{""gap"": 0.1}",50,4718,2.3910129011873544,3.493911717696646,0.1619047619047619,0.0196078431372549,0.4117647058823529,0.11764705882352941,выбор монеты,1.0,4.0,3.0,72.0,1.0596857825822057,1489.0
whales_vs_crowd,1-50,1h,"{""gap"": 0.15}",50,2617,2.3491458764424133,3.2047329136815557,0.2222222222222222,0.0196078431372549,0.35294117647058826,0.11764705882352941,выбор монеты,1.0,4.0,3.0,72.0,1.2489393685412267,959.0
absorption,100,1h,"{""r"": 0.05}",100,4785,-1.5068980646779058,-0.8766790861667361,0.0,0.9019607843137255,0.803921568627451,1.0,,1.0,1.5,2.0,6.0,0.058491840068015166,963.0
absorption,100,1h,"{""r"": 0.08}",100,1759,0.27367953421749475,0.9094756436171495,0.023809523809523808,0.49019607843137253,0.47058823529411764,0.9019607843137255,,0.5,4.0,1.5,72.0,0.14535969931649076,535.0
absorption,100,1h,"{""r"": 0.12}",100,393,1.4486842201892804,1.903135011744137,0.33174603174603173,0.1568627450980392,0.19607843137254902,0.17647058823529413,момент и монета,0.25,2.0,1.5,6.0,-0.08478935828866138,175.0
aggressor,100,1h,"{""vm"": 3}",100,204,0.6986535349849217,1.1661259780947961,0.19365079365079366,0.6470588235294118,0.7843137254901961,0.5882352941176471,,0.5,4.0,2.0,24.0,0.33693408026807714,61.0
aggressor,100,1h,"{""vm"": 5}",100,54,0.19923864224589974,1.1517793264554783,0.09523809523809523,0.7450980392156863,0.9411764705882353,0.9019607843137255,,0.5,4.0,1.5,72.0,,19.0
aggressor,100,1h,"{""vm"": 8}",100,14,,,,1.0,1.0,1.0,,,,,,,
capitulation,100,1h,"{""move_atr"": 3, ""oi_drop"": 0.02}",100,126,1.0167415628625918,1.3076004963053445,0.3349206349206349,0.5490196078431373,0.5490196078431373,0.3333333333333333,,-0.5,4.0,1.5,24.0,-2.42444020636144,54.0
capitulation,100,1h,"{""move_atr"": 4, ""oi_drop"": 0.03}",100,29,,,,1.0,1.0,1.0,,,,,,,
capitulation,100,1h,"{""move_atr"": 5, ""oi_drop"": 0.04}",100,9,,,,1.0,1.0,1.0,,,,,,,
funding_fade,100,1h,"{""z"": 1.5}",100,672,0.68934746312565,0.948483084739517,0.047619047619047616,0.5882352941176471,0.35294117647058826,0.6274509803921569,,-0.5,4.0,2.0,6.0,-0.5904916837055801,185.0
funding_fade,100,1h,"{""z"": 2.0}",100,450,0.39945241358506584,0.9259187047402463,0.046031746031746035,0.6862745098039216,0.47058823529411764,0.803921568627451,,-0.5,4.0,2.0,6.0,-0.537645187037926,139.0
funding_fade,100,1h,"{""z"": 2.5}",100,310,0.1741945908297589,0.9294561457413665,0.05873015873015873,0.7843137254901961,0.7058823529411765,0.9019607843137255,,0.5,2.0,1.0,6.0,0.40327412343463404,92.0
liq_flush,100,15m,"{""k"": 5}",100,4978,2.170112945546721,3.0754161418999106,0.38095238095238093,0.7450980392156863,0.0196078431372549,0.09803921568627451,момент (рыночный),0.5,1.5,2.0,8.0,-0.06345110989134858,1514.0
liq_flush,100,15m,"{""k"": 10}",100,3434,2.4620740240611774,3.510251179605066,0.4650793650793651,0.8627450980392157,0.0196078431372549,0.0784313725490196,момент (рыночный),0.5,1.5,3.0,8.0,-0.05325353564827067,983.0
liq_flush,100,15m,"{""k"": 20}",100,2168,3.524677935550666,4.784636547094223,0.5587301587301587,0.37254901960784315,0.0196078431372549,0.0392156862745098,момент (рыночный),0.5,1.5,3.0,8.0,-0.2831880924818817,563.0
oi_breakout,100,1h,"{""n"": 24}",100,4496,1.271301319347739,1.9097251019780366,0.25396825396825395,0.0196078431372549,0.5686274509803921,0.11764705882352941,выбор монеты,0.5,4.0,3.0,24.0,0.9509634834203411,1838.0
oi_breakout,100,1h,"{""n"": 48}",100,3657,1.325866946914109,2.084743703984306,0.2253968253968254,0.0196078431372549,0.5294117647058824,0.17647058823529413,выбор монеты,0.5,2.0,3.0,24.0,0.3175338503383756,1523.0
oi_breakout,100,1h,"{""n"": 96}",100,2858,1.2596424455039836,1.9171654079792155,0.23333333333333334,0.0392156862745098,0.49019607843137253,0.1568627450980392,выбор монеты,0.5,2.0,3.0,24.0,0.36142789972098843,1235.0
squeeze_breakout,100,1h,"{""oi_up"": 0.0}",100,2754,-1.2313528888447118,-0.5099361287991385,0.0,0.8235294117647058,1.0,1.0,,1.0,4.0,3.0,72.0,-0.871090933881961,442.0
squeeze_breakout,100,1h,"{""oi_up"": 0.03}",100,667,1.3809209049612374,2.1747533439909184,0.40476190476190477,0.21568627450980393,0.6274509803921569,0.09803921568627451,,1.0,4.0,3.0,72.0,-1.20854172172691,151.0
squeeze_breakout,100,1h,"{""oi_up"": 0.06}",100,167,2.177140533479774,3.571828733719201,0.4714285714285714,0.058823529411764705,0.23529411764705882,0.0392156862745098,выбор монеты,1.0,4.0,3.0,72.0,-1.555210348255852,34.0
squeeze_fuel,100,1h,"{""oi_up"": 0.05}",100,266,0.6955119548890699,1.5414427567948417,0.08571428571428572,0.9607843137254902,0.6078431372549019,0.8235294117647058,,-0.5,4.0,3.0,24.0,2.7223717477275073,49.0
squeeze_fuel,100,1h,"{""oi_up"": 0.1}",100,83,1.561542403889148,2.200894008565994,0.2396825396825397,0.5294117647058824,0.5294117647058824,0.6078431372549019,,-0.5,4.0,3.0,72.0,,16.0
squeeze_fuel,100,1h,"{""oi_up"": 0.15}",100,44,2.628061267752327,3.169786311813861,0.30158730158730157,0.0196078431372549,0.09803921568627451,0.1568627450980392,момент и монета,-0.5,4.0,3.0,72.0,,13.0
stop_hunter,100,1h,"{""sens"": 1}",100,21405,3.6147374656237585,4.310787811814791,0.273015873015873,0.13725490196078433,0.5882352941176471,0.0196078431372549,выбор монеты,0.25,2.0,3.0,72.0,0.05887826315875156,7277.0
stop_hunter,100,1h,"{""sens"": 2}",100,18429,3.688748186683593,4.643328852994211,0.2777777777777778,0.0784313725490196,0.29411764705882354,0.0196078431372549,выбор монеты,0.25,2.0,3.0,72.0,0.07778874157401211,6177.0
stop_hunter,100,1h,"{""sens"": 3}",100,12262,3.0111693821728363,3.7073995874603214,0.19206349206349208,0.09803921568627451,0.43137254901960786,0.0196078431372549,выбор монеты,0.25,1.5,3.0,72.0,0.020101411469131653,4089.0
sweep,100,1h,"{""vmult"": 1.0}",100,8923,-1.7875831373504043,-1.1902459205906721,0.0,0.9803921568627451,0.9215686274509803,1.0,,1.0,4.0,2.0,24.0,-0.4034707796417526,1815.0
sweep,100,1h,"{""vmult"": 1.5}",100,6640,-1.216805868733665,-0.8147590841049908,0.0,0.9607843137254902,0.8823529411764706,1.0,,1.0,4.0,2.0,24.0,-0.415146830939979,1358.0
sweep,100,1h,"{""vmult"": 2.5}",100,3535,-1.8836782855809888,-1.0559276938442086,0.0,1.0,0.9803921568627451,1.0,,1.0,4.0,2.0,72.0,0.10744405756955752,668.0
whales_vs_crowd,100,1h,"{""gap"": 0.05}",100,17115,0.8670355923863401,1.3942807957316774,0.044444444444444446,0.17647058823529413,0.49019607843137253,0.5294117647058824,,1.0,4.0,3.0,72.0,0.7419258564237383,4861.0
whales_vs_crowd,100,1h,"{""gap"": 0.1}",100,11757,0.7379107813992852,1.4689445056917125,0.03968253968253968,0.1568627450980392,0.5882352941176471,0.27450980392156865,,1.0,4.0,3.0,72.0,0.8264455563116773,3484.0
whales_vs_crowd,100,1h,"{""gap"": 0.15}",100,7128,0.5930064602410112,1.2849924765270062,0.03968253968253968,0.21568627450980393,0.5490196078431373,0.6078431372549019,,1.0,4.0,3.0,24.0,0.8379195993573578,2349.0
aggressor,100_oi_usd_old,1h,"{""vm"": 3}",100,194,1.4638322984088026,2.0098623214077427,0.45555555555555555,0.39215686274509803,0.37254901960784315,0.1568627450980392,,0.0,3.0,1.5,72.0,0.8908166514641929,81.0
aggressor,100_oi_usd_old,1h,"{""vm"": 5}",100,45,0.8476832313524856,1.8635888941170577,0.26785714285714285,0.47058823529411764,0.7254901960784313,0.45098039215686275,,0.5,4.0,1.5,72.0,,15.0
aggressor,100_oi_usd_old,1h,"{""vm"": 8}",100,11,,,,1.0,1.0,1.0,,,,,,,
capitulation,100_oi_usd_old,1h,"{""move_atr"": 3, ""oi_drop"": 0.02}",100,245,2.091731267119514,2.7093976565013715,0.7666666666666667,0.3333333333333333,0.09803921568627451,0.058823529411764705,момент (рыночный),0.25,4.0,3.0,24.0,0.21323930479573783,67.0
capitulation,100_oi_usd_old,1h,"{""move_atr"": 4, ""oi_drop"": 0.03}",100,47,2.149643989723527,2.750367499265428,0.8313492063492064,0.19607843137254902,0.1568627450980392,0.0196078431372549,момент и монета,-0.5,1.5,3.0,72.0,,13.0
capitulation,100_oi_usd_old,1h,"{""move_atr"": 5, ""oi_drop"": 0.04}",100,11,,,,1.0,1.0,1.0,,,,,,,
oi_breakout,100_oi_usd_old,1h,"{""n"": 24}",100,6867,0.7102978533093643,1.6287472256351325,0.06190476190476191,0.0784313725490196,0.8823529411764706,0.11764705882352941,выбор монеты,1.0,4.0,3.0,6.0,0.4541542184625318,2243.0
oi_breakout,100_oi_usd_old,1h,"{""n"": 48}",100,4725,0.748983104865119,1.6162198581715985,0.05555555555555555,0.0392156862745098,0.7647058823529411,0.21568627450980393,,1.0,4.0,3.0,24.0,0.9708432826354825,1726.0
oi_breakout,100_oi_usd_old,1h,"{""n"": 96}",100,3345,0.6640931590378192,1.401686083151133,0.06031746031746032,0.1568627450980392,0.8823529411764706,0.21568627450980393,,1.0,4.0,3.0,24.0,0.9898859848056515,1361.0
squeeze_breakout,100_oi_usd_old,1h,"{""oi_up"": 0.0}",100,2430,0.11103115711938619,0.8148832453305151,0.02857142857142857,0.6078431372549019,0.9019607843137255,0.9607843137254902,,1.0,2.0,3.0,72.0,0.2517395366935596,382.0
squeeze_breakout,100_oi_usd_old,1h,"{""oi_up"": 0.03}",100,954,-0.5025098034404358,0.601301887048979,0.012698412698412698,0.9215686274509803,1.0,0.9411764705882353,,1.0,2.0,3.0,72.0,-0.03793591198647591,190.0
squeeze_breakout,100_oi_usd_old,1h,"{""oi_up"": 0.06}",100,374,0.27774946449638377,1.0619846925073375,0.08888888888888889,0.7843137254901961,0.9803921568627451,0.6274509803921569,,-0.5,4.0,3.0,24.0,-1.0340375966183801,114.0
squeeze_fuel,100_oi_usd_old,1h,"{""oi_up"": 0.05}",100,284,0.428874079837645,1.2318588758709332,0.16507936507936508,0.9803921568627451,0.8235294117647058,0.9019607843137255,,1.0,4.0,3.0,24.0,-3.642762898737143,57.0
squeeze_fuel,100_oi_usd_old,1h,"{""oi_up"": 0.1}",100,104,1.0030593265249144,1.4798313014408417,0.11746031746031746,0.7058823529411765,0.7254901960784313,0.8431372549019608,,0.0,4.0,1.5,6.0,-0.5155953927269417,37.0
squeeze_fuel,100_oi_usd_old,1h,"{""oi_up"": 0.15}",100,61,1.4707393001671645,1.9756124302371232,0.18888888888888888,0.23529411764705882,0.35294117647058826,0.5490196078431373,,0.0,4.0,1.0,6.0,,24.0
absorption,101-200,1h,"{""r"": 0.05}",100,5531,-2.1109107347766125,-1.6572173874953628,0.0,0.9019607843137255,0.9803921568627451,1.0,,0.5,4.0,1.0,72.0,-0.11452892898891713,1762.0
absorption,101-200,1h,"{""r"": 0.08}",100,2365,-1.3352217071747645,-0.6918117176310249,0.0,0.8627450980392157,0.9215686274509803,0.9607843137254902,,0.5,4.0,1.0,72.0,-0.07015070029719274,855.0
absorption,101-200,1h,"{""r"": 0.12}",100,639,0.8606187897003319,1.5924023557213738,0.09206349206349207,0.21568627450980393,0.5490196078431373,0.8431372549019608,,1.0,1.5,3.0,24.0,-0.2104122491203906,183.0
aggressor,101-200,1h,"{""vm"": 3}",100,311,0.31102473249523604,1.2323434744873147,0.03492063492063492,0.45098039215686275,0.9411764705882353,0.9215686274509803,,1.0,1.5,3.0,72.0,0.12127366526398398,73.0
aggressor,101-200,1h,"{""vm"": 5}",100,111,-0.301128525501279,0.5733784726668438,0.014285714285714285,0.9803921568627451,1.0,0.9019607843137255,,0.25,3.0,3.0,72.0,,29.0
aggressor,101-200,1h,"{""vm"": 8}",100,38,-0.2756335633620386,0.3887767244151235,0.023809523809523808,0.8627450980392157,0.9019607843137255,0.7647058823529411,,0.25,1.5,2.0,72.0,,14.0
capitulation,101-200,1h,"{""move_atr"": 3, ""oi_drop"": 0.02}",100,126,1.0820027332132116,1.6051150791428113,0.3603174603174603,0.37254901960784315,0.5882352941176471,0.3137254901960784,,0.0,3.0,3.0,24.0,-1.7367001897349903,60.0
capitulation,101-200,1h,"{""move_atr"": 4, ""oi_drop"": 0.03}",100,17,,,,1.0,1.0,1.0,,,,,,,
capitulation,101-200,1h,"{""move_atr"": 5, ""oi_drop"": 0.04}",100,4,,,,1.0,1.0,1.0,,,,,,,
funding_fade,101-200,1h,"{""z"": 1.5}",100,482,-0.052384371538286775,1.3404335894607575,0.05714285714285714,0.9019607843137255,0.6862745098039216,0.9803921568627451,,0.25,2.0,1.0,24.0,-0.302419316734611,171.0
funding_fade,101-200,1h,"{""z"": 2.0}",100,338,0.478673925162864,1.5657028342139572,0.07301587301587302,0.5490196078431373,0.5294117647058824,0.8627450980392157,,1.0,3.0,3.0,72.0,0.561136082481153,66.0
funding_fade,101-200,1h,"{""z"": 2.5}",100,234,0.6238162274143245,1.4314110786008307,0.09365079365079365,0.6274509803921569,0.5098039215686274,0.8627450980392157,,1.0,3.0,1.5,72.0,-0.626546788728124,54.0
h001_liq_knife_limit,101-200,15m,"{""k"": 0.25}",100,1521,-1.2278107231233708,-0.3765739741815365,0.0,1.0,0.9607843137254902,0.9803921568627451,,0.5,4.0,1.0,32.0,-0.17889422032546576,327.0
h001_liq_knife_limit,101-200,15m,"{""k"": 0.5}",100,1521,-1.2278107231233708,-0.3765739741815365,0.0,1.0,0.9607843137254902,0.9803921568627451,,0.5,4.0,1.0,32.0,-0.17889422032546576,327.0
h001_liq_knife_limit,101-200,15m,"{""k"": 1.0}",100,1521,-1.2278107231233708,-0.3765739741815365,0.0,1.0,0.9607843137254902,0.9803921568627451,,0.5,4.0,1.0,32.0,-0.17889422032546576,327.0
h002_liq_decay_break,101-200,15m,"{""n"": 2}",100,2409,0.4352752829884121,1.1013590538531226,0.07142857142857142,0.5490196078431373,0.4117647058823529,0.6862745098039216,,0.25,4.0,1.5,32.0,-0.3457301145959682,668.0
h002_liq_decay_break,101-200,15m,"{""n"": 4}",100,1896,0.3500507477493009,0.5162065864707316,0.047619047619047616,0.6470588235294118,0.39215686274509803,0.5294117647058824,,1.0,4.0,1.0,8.0,-0.016532247022557692,337.0
h002_liq_decay_break,101-200,15m,"{""n"": 8}",100,1374,0.4894262301556513,0.8195620954955518,0.049206349206349205,0.5686274509803921,0.4117647058823529,0.29411764705882354,,1.0,1.5,1.5,8.0,-0.022199261169060572,252.0
h003_liq_absorb,101-200,15m,"{""m"": 1.0}",100,1195,1.2066170943320675,1.9008336624548043,0.09682539682539683,0.11764705882352941,0.37254901960784315,0.45098039215686275,,-0.5,4.0,2.0,96.0,-0.5492268503827151,174.0
h003_liq_absorb,101-200,15m,"{""m"": 1.5}",100,2188,0.9646597487007563,1.3696575320527278,0.06507936507936508,0.13725490196078433,0.23529411764705882,0.6078431372549019,,0.25,4.0,1.0,96.0,-0.448444187953446,421.0
h003_liq_absorb,101-200,15m,"{""m"": 2.0}",100,2787,1.03311760219987,1.5058178302501821,0.06825396825396825,0.17647058823529413,0.13725490196078433,0.35294117647058826,,0.25,4.0,1.0,96.0,-0.34419095134338673,557.0
h004_bottom_squeeze_trap,101-200,15m,"{""k"": 3}",100,1716,-0.5205796562671705,0.8681631462708743,0.015873015873015872,0.9215686274509803,0.8627450980392157,0.9803921568627451,,0.0,1.0,3.0,8.0,0.14687065477669933,711.0
h004_bottom_squeeze_trap,101-200,15m,"{""k"": 6}",100,1375,-0.2818592718575739,0.5670008634864918,0.006349206349206349,0.8431372549019608,0.6078431372549019,0.8627450980392157,,0.0,1.5,3.0,8.0,0.03552083063184548,620.0
h004_bottom_squeeze_trap,101-200,15m,"{""k"": 12}",100,1004,-0.20741768697976673,0.9006820007294202,0.014285714285714285,0.9215686274509803,0.6862745098039216,0.803921568627451,,0.0,1.5,3.0,8.0,0.2308135570080578,489.0
h005_cascade_accel,101-200,5m,"{""th"": 0.0005}",100,555,1.188798544533239,1.7585187512524552,0.3904761904761905,0.0392156862745098,0.1568627450980392,0.6274509803921569,,0.25,4.0,1.0,12.0,-0.740028480627481,116.0
h005_cascade_accel,101-200,5m,"{""th"": 0.001}",100,387,0.9242116542426021,1.359098521622804,0.2746031746031746,0.0196078431372549,0.27450980392156865,0.6470588235294118,,0.25,4.0,1.0,12.0,-0.3354149379810123,76.0
h005_cascade_accel,101-200,5m,"{""th"": 0.002}",100,245,1.2267111881616506,1.6964795951668374,0.5888888888888889,0.058823529411764705,0.3137254901960784,0.45098039215686275,,1.0,4.0,1.0,12.0,-0.5453934081974792,35.0
h006_oi_up_in_cascade,101-200,15m,"{""x"": 0.0}",100,1539,-0.5624018123902502,0.1207246550264795,0.0031746031746031746,1.0,0.8627450980392157,0.9019607843137255,,1.0,3.0,3.0,8.0,0.6716449884986226,282.0
h006_oi_up_in_cascade,101-200,15m,"{""x"": 0.005}",100,1413,-0.48330378702122456,0.31134187462803214,0.004761904761904762,1.0,0.8235294117647058,0.9215686274509803,,1.0,3.0,3.0,8.0,0.6621908874838753,243.0
h006_oi_up_in_cascade,101-200,15m,"{""x"": 0.015}",100,1038,-0.5294587718477817,0.10785452579544694,0.004761904761904762,1.0,0.9019607843137255,0.9019607843137255,,1.0,3.0,3.0,8.0,0.8083267508207383,152.0
h007_idio_cascade,101-200,15m,"{""x"": 1.5}",100,26,,,,1.0,1.0,1.0,,,,,,,
h007_idio_cascade,101-200,15m,"{""x"": 2.0}",100,17,,,,1.0,1.0,1.0,,,,,,,
h007_idio_cascade,101-200,15m,"{""x"": 3.0}",100,2,,,,1.0,1.0,1.0,,,,,,,
h008_v_reclaim_break,101-200,15m,"{""r"": 0.5}",100,1141,2.0585577087692064,2.398281285949832,0.5666666666666667,0.0196078431372549,0.0196078431372549,0.0392156862745098,момент и монета,0.25,4.0,1.5,32.0,-0.3899303052568301,350.0
h008_v_reclaim_break,101-200,15m,"{""r"": 0.65}",100,670,2.4641387397347483,3.0140480546766346,0.7841269841269841,0.0196078431372549,0.0196078431372549,0.058823529411764705,момент и монета,0.5,4.0,1.5,32.0,-0.2628911886374867,169.0
h008_v_reclaim_break,101-200,15m,"{""r"": 0.8}",100,343,2.3512781681640385,3.0230499175612873,0.7746031746031746,0.0196078431372549,0.0196078431372549,0.0392156862745098,момент и монета,0.5,3.0,1.5,96.0,-0.944929791049267,76.0
h009_whale_cascade_buy,101-200,15m,"{""g"": 0.002}",100,919,-0.8559351002242415,-0.23644269034881144,0.0,1.0,0.8627450980392157,0.9607843137254902,,1.0,3.0,3.0,8.0,0.848745714205496,130.0
h009_whale_cascade_buy,101-200,15m,"{""g"": 0.004}",100,586,0.30851610843736765,0.7937203837426235,0.046031746031746035,0.7647058823529411,0.6470588235294118,0.8431372549019608,,-0.5,4.0,3.0,32.0,-1.4415841870444261,126.0
h009_whale_cascade_buy,101-200,15m,"{""g"": 0.008}",100,258,-0.3793552979212452,0.19964891291545056,0.007936507936507936,0.9019607843137255,0.9411764705882353,0.9411764705882353,,1.0,1.5,3.0,32.0,1.2109089698840492,41.0
h010_liq_crowd_go,101-200,15m,"{""k"": 5}",100,1618,0.6784694980612856,1.0203604255307253,0.09047619047619047,0.3137254901960784,0.21568627450980393,0.3137254901960784,,0.25,3.0,1.5,8.0,-0.4161600797468104,615.0
h010_liq_crowd_go,101-200,15m,"{""k"": 10}",100,1161,0.9434710535137193,1.2463789100253622,0.19047619047619047,0.23529411764705882,0.29411764705882354,0.35294117647058826,,0.5,2.0,1.5,8.0,-0.09690778010501154,382.0
h010_liq_crowd_go,101-200,15m,"{""k"": 20}",100,725,0.09570198867419727,0.6159959588134027,0.05238095238095238,0.7254901960784313,0.5490196078431373,0.9215686274509803,,1.0,2.0,3.0,8.0,0.047254082171671236,193.0
h011_liq_divergence,101-200,1h,"{""r"": 1.5}",100,903,0.6338564053471109,1.4135073731701726,0.03968253968253968,0.49019607843137253,0.7843137254901961,0.6862745098039216,,1.0,4.0,3.0,6.0,0.9329623406858834,108.0
h011_liq_divergence,101-200,1h,"{""r"": 2.0}",100,726,0.4146566107080976,1.2294571177882048,0.031746031746031744,0.6862745098039216,0.8431372549019608,0.803921568627451,,1.0,4.0,3.0,6.0,0.7872045355050581,96.0
h011_liq_divergence,101-200,1h,"{""r"": 3.0}",100,500,0.6830774514697693,1.3343907170272562,0.05714285714285714,0.47058823529411764,0.7058823529411765,0.6666666666666666,,1.0,4.0,3.0,6.0,1.022376950080187,68.0
h012_squeeze_retrace,101-200,1h,"{""fr"": 0.382}",100,655,2.825024428144315,3.3423423794887563,0.546031746031746,0.0196078431372549,0.0392156862745098,0.0196078431372549,момент и монета,0.5,3.0,2.0,72.0,0.07081607556642017,139.0
h012_squeeze_retrace,101-200,1h,"{""fr"": 0.5}",100,655,2.825024428144315,3.3423423794887563,0.546031746031746,0.0196078431372549,0.0392156862745098,0.0196078431372549,момент и монета,0.5,3.0,2.0,72.0,0.07081607556642017,139.0
h012_squeeze_retrace,101-200,1h,"{""fr"": 0.618}",100,655,2.825024428144315,3.3423423794887563,0.546031746031746,0.0196078431372549,0.0392156862745098,0.0196078431372549,момент и монета,0.5,3.0,2.0,72.0,0.07081607556642017,139.0
h013_liq_imb_pullback,101-200,1h,"{""s"": 0.65}",100,1084,2.7119633792738074,3.2639200368095,0.38412698412698415,0.0196078431372549,0.09803921568627451,0.0392156862745098,момент и монета,0.25,4.0,1.5,72.0,-0.3624955777050177,247.0
h013_liq_imb_pullback,101-200,1h,"{""s"": 0.75}",100,889,1.497771675486577,2.0872333140260797,0.39365079365079364,0.09803921568627451,0.45098039215686275,0.0392156862745098,выбор монеты,0.25,3.0,1.5,72.0,-0.3224235345803861,216.0
h013_liq_imb_pullback,101-200,1h,"{""s"": 0.85}",100,698,0.8317216493340189,1.5758202345446761,0.19047619047619047,0.3137254901960784,0.7058823529411765,0.43137254901960786,,0.25,4.0,3.0,72.0,-1.452308523894168,184.0
h014_liq_side_flip,101-200,1h,"{""s"": 0.6}",100,814,0.2568917836583555,0.9952209982380347,0.03492063492063492,0.7843137254901961,0.7254901960784313,0.7843137254901961,,-0.5,4.0,2.0,72.0,-0.8713363574024597,169.0
h014_liq_side_flip,101-200,1h,"{""s"": 0.7}",100,479,1.2787012483249975,1.7270090852803457,0.5904761904761905,0.39215686274509803,0.37254901960784315,0.3333333333333333,,-0.5,4.0,3.0,72.0,-0.9223797213238503,112.0
h014_liq_side_flip,101-200,1h,"{""s"": 0.8}",100,269,1.1716196068786005,1.76118171129067,0.3873015873015873,0.5686274509803921,0.5686274509803921,0.6862745098039216,,0.5,1.5,1.5,6.0,-0.30615547958494865,78.0
h015_fund_flip_cascade,101-200,1h,"{""th"": 0.0015}",100,620,1.2270338889962613,1.7672676988228968,0.34444444444444444,0.5882352941176471,0.43137254901960786,0.35294117647058826,,1.0,1.5,1.5,72.0,0.4170010022890083,88.0
h015_fund_flip_cascade,101-200,1h,"{""th"": 0.003}",100,442,0.7174531791200826,1.163765592121258,0.21904761904761905,0.7450980392156863,0.7843137254901961,0.803921568627451,,1.0,1.5,1.0,72.0,0.6463845031315635,70.0
h015_fund_flip_cascade,101-200,1h,"{""th"": 0.006}",100,290,1.1183764062805517,1.611763372698046,0.4603174603174603,0.5098039215686274,0.47058823529411764,0.5686274509803921,,1.0,1.5,1.5,72.0,0.7870651545929163,44.0
h016_crowd_ignition,101-200,1h,"{""q"": 0.1}",100,183,0.935258705169807,1.6544431651283595,0.32857142857142857,0.5294117647058824,0.6470588235294118,0.3333333333333333,,-0.5,4.0,2.0,24.0,-1.0292775211254976,59.0
h016_crowd_ignition,101-200,1h,"{""q"": 0.2}",100,252,0.808191962775203,1.503256591271436,0.28095238095238095,0.5882352941176471,0.6666666666666666,0.6078431372549019,,0.5,4.0,1.0,24.0,-0.2607757031104852,96.0
h016_crowd_ignition,101-200,1h,"{""q"": 0.3}",100,309,0.9533826709155468,1.8635434000074644,0.2841269841269841,0.39215686274509803,0.6274509803921569,0.43137254901960786,,0.5,4.0,3.0,24.0,0.2507041678108548,115.0
h017_no_bounce_cont,101-200,1h,"{""b"": 0.4}",100,379,4.45738608089439,5.977825643507052,0.8920634920634921,0.0196078431372549,0.0196078431372549,0.0196078431372549,момент и монета,0.0,1.0,3.0,72.0,-0.20734845251278172,102.0
h017_no_bounce_cont,101-200,1h,"{""b"": 0.5}",100,788,4.988498906102027,6.131092653215657,0.8968253968253969,0.0196078431372549,0.0392156862745098,0.0196078431372549,момент и монета,0.0,4.0,3.0,72.0,-1.963546151218196,209.0
h017_no_bounce_cont,101-200,1h,"{""b"": 0.6}",100,1228,4.789125236257473,5.601775418801482,0.8476190476190476,0.0196078431372549,0.0392156862745098,0.0196078431372549,момент и монета,0.0,4.0,2.0,72.0,-1.1905160551080392,295.0
h018_trend_shakeout,101-200,1h,"{""v"": 0.015}",100,10233,3.019052244705975,3.8993270800369806,0.2777777777777778,0.058823529411764705,0.39215686274509803,0.0196078431372549,выбор монеты,0.25,4.0,3.0,24.0,-0.12572427361748242,3777.0
h018_trend_shakeout,101-200,1h,"{""v"": 0.025}",100,4777,3.6244483662526923,4.592602084664149,0.3952380952380952,0.0196078431372549,0.1568627450980392,0.0196078431372549,момент и монета,0.25,4.0,3.0,24.0,-0.17917187818773322,1819.0
h018_trend_shakeout,101-200,1h,"{""v"": 0.04}",100,1849,3.583455040311168,4.459426358486368,0.5222222222222223,0.0196078431372549,0.13725490196078433,0.0196078431372549,момент и монета,0.5,4.0,3.0,24.0,0.032285459804216446,571.0
h019_oi_driver_fade,101-200,1h,"{""rho"": 0.3}",100,6543,1.9901759519450875,2.434203848485538,0.10952380952380952,0.5882352941176471,0.13725490196078433,0.0784313725490196,момент (рыночный),1.0,3.0,3.0,6.0,0.017290292229977675,1033.0
h019_oi_driver_fade,101-200,1h,"{""rho"": 0.5}",100,6103,2.079814384845616,2.6525981686601496,0.13968253968253969,0.5490196078431373,0.19607843137254902,0.058823529411764705,момент (рыночный),1.0,3.0,3.0,6.0,0.08697651529579672,954.0
h019_oi_driver_fade,101-200,1h,"{""rho"": 0.7}",100,4929,2.8713540527531114,3.465179047106288,0.2492063492063492,0.23529411764705882,0.09803921568627451,0.0196078431372549,момент (рыночный),1.0,3.0,3.0,6.0,0.12538844980133632,811.0
h020_oi_roundtrip,101-200,1h,"{""v"": 0.02}",100,5850,1.7922159977029142,2.198459218983493,0.06349206349206349,0.0784313725490196,0.7843137254901961,0.0784313725490196,выбор монеты,0.5,4.0,3.0,72.0,0.16806052055193654,1619.0
h020_oi_roundtrip,101-200,1h,"{""v"": 0.035}",100,2275,2.1586789335036616,2.403088170238988,0.13333333333333333,0.0784313725490196,0.5686274509803921,0.0784313725490196,выбор монеты,0.5,4.0,3.0,72.0,-0.45560541891893297,607.0
h020_oi_roundtrip,101-200,1h,"{""v"": 0.06}",100,742,2.696705631114362,3.1724805110369405,0.33650793650793653,0.0392156862745098,0.13725490196078433,0.09803921568627451,момент и монета,0.5,4.0,3.0,72.0,-1.7961980226412944,170.0
liq_flush,101-200,15m,"{""k"": 5}",100,3954,1.4060586253431107,1.6792047834203363,0.21746031746031746,0.5098039215686274,0.0784313725490196,0.0784313725490196,момент (рыночный),1.0,4.0,1.5,8.0,0.03426907030249916,781.0
liq_flush,101-200,15m,"{""k"": 10}",100,2898,1.9073544997279441,2.2396821095374224,0.29365079365079366,0.5686274509803921,0.0196078431372549,0.0392156862745098,момент (рыночный),1.0,4.0,1.5,8.0,0.07724118278735995,572.0
liq_flush,101-200,15m,"{""k"": 20}",100,1998,1.7047618808646043,2.074391614895757,0.4015873015873016,0.7843137254901961,0.0392156862745098,0.0392156862745098,момент (рыночный),0.25,3.0,3.0,32.0,-0.045352106457649984,630.0
oi_breakout,101-200,1h,"{""n"": 24}",100,4375,1.1758277659767804,1.7910916592474686,0.14603174603174604,0.6078431372549019,0.5882352941176471,0.19607843137254902,,0.5,3.0,3.0,72.0,1.0409875351802738,1439.0
oi_breakout,101-200,1h,"{""n"": 48}",100,3488,1.1612638820302048,1.6850274058684616,0.18253968253968253,0.5882352941176471,0.6274509803921569,0.13725490196078433,,0.5,3.0,3.0,72.0,1.025479232736909,1164.0
oi_breakout,101-200,1h,"{""n"": 96}",100,2716,1.6646438379146142,2.2432629110251643,0.23492063492063492,0.49019607843137253,0.43137254901960786,0.11764705882352941,,0.5,4.0,3.0,72.0,1.4145118335757787,934.0
squeeze_breakout,101-200,1h,"{""oi_up"": 0.0}",100,2573,-0.2697377399019766,0.2538715158517576,0.006349206349206349,0.7647058823529411,0.8627450980392157,0.7254901960784313,,1.0,3.0,3.0,72.0,0.019578000595269446,424.0
squeeze_breakout,101-200,1h,"{""oi_up"": 0.03}",100,764,0.979079552945866,2.2466519414062494,0.15396825396825398,0.29411764705882354,0.37254901960784315,0.27450980392156865,,1.0,3.0,3.0,72.0,-0.17956960717549586,105.0
squeeze_breakout,101-200,1h,"{""oi_up"": 0.06}",100,245,1.4661329362998072,2.79968845824481,0.1619047619047619,0.3333333333333333,0.5686274509803921,0.37254901960784315,,1.0,4.0,3.0,72.0,-1.362340180844831,37.0
squeeze_fuel,101-200,1h,"{""oi_up"": 0.05}",100,209,1.250723081583258,1.832458709657313,0.20317460317460317,0.49019607843137253,0.39215686274509803,0.6666666666666666,,1.0,1.0,3.0,6.0,-0.7588690852047739,39.0
squeeze_fuel,101-200,1h,"{""oi_up"": 0.1}",100,83,1.0725998084204869,1.4939701319833274,0.36666666666666664,0.45098039215686275,0.5098039215686274,0.4117647058823529,,1.0,4.0,3.0,24.0,,16.0
squeeze_fuel,101-200,1h,"{""oi_up"": 0.15}",100,39,1.5401376624305296,2.5316192275081093,0.40674603174603174,0.23529411764705882,0.29411764705882354,0.45098039215686275,,0.0,1.0,3.0,24.0,,11.0
stop_hunter,101-200,1h,"{""sens"": 1}",100,20209,2.378297614548712,3.187294379783402,0.2253968253968254,0.0784313725490196,0.35294117647058826,0.0196078431372549,выбор монеты,0.25,3.0,3.0,72.0,-0.08919882223989477,7248.0
stop_hunter,101-200,1h,"{""sens"": 2}",100,17421,2.7146970779335162,3.635860364656831,0.2650793650793651,0.1568627450980392,0.21568627450980393,0.0196078431372549,выбор монеты,0.25,3.0,3.0,72.0,-0.06582816432222935,6183.0
stop_hunter,101-200,1h,"{""sens"": 3}",100,11625,2.1073985093665843,2.9990220971648776,0.26666666666666666,0.11764705882352941,0.35294117647058826,0.0196078431372549,выбор монеты,0.25,2.0,3.0,24.0,-0.24626977188162108,4179.0
sweep,101-200,1h,"{""vmult"": 1.0}",100,7879,-0.620339639735263,0.19824018639371005,0.0015873015873015873,0.7450980392156863,0.5882352941176471,0.8235294117647058,,1.0,3.0,3.0,24.0,-0.3480866016579218,1661.0
sweep,101-200,1h,"{""vmult"": 1.5}",100,5841,-0.36613515123504786,0.4601371033273963,0.006349206349206349,0.8431372549019608,0.7254901960784313,0.7843137254901961,,1.0,3.0,3.0,24.0,-0.3126807578649127,1246.0
sweep,101-200,1h,"{""vmult"": 2.5}",100,3132,1.0467876474060407,1.8462828587844928,0.1634920634920635,0.27450980392156865,0.11764705882352941,0.17647058823529413,момент (рыночный),0.5,4.0,3.0,72.0,0.3301245034088407,1062.0
whales_vs_crowd,101-200,1h,"{""gap"": 0.05}",100,17164,1.2150137462929376,2.9652656819854575,0.06507936507936508,0.09803921568627451,0.7254901960784313,0.21568627450980393,,1.0,4.0,3.0,72.0,0.1292772517700445,4650.0
whales_vs_crowd,101-200,1h,"{""gap"": 0.1}",100,11785,0.6595726974415653,1.9275920268598747,0.044444444444444446,0.4117647058823529,0.9411764705882353,0.29411764705882354,,1.0,4.0,3.0,72.0,-0.021876130448658427,3381.0
whales_vs_crowd,101-200,1h,"{""gap"": 0.15}",100,7815,1.4265084644816786,1.932864556861787,0.06031746031746032,0.2549019607843137,0.6666666666666666,0.1568627450980392,,1.0,4.0,3.0,72.0,-0.07775868343386419,2267.0
absorption,201-300,1h,"{""r"": 0.05}",100,5748,-3.1030278728922958,-1.5958899786582394,0.0,0.9607843137254902,1.0,1.0,,1.0,4.0,1.5,72.0,0.33552092196124234,1143.0
absorption,201-300,1h,"{""r"": 0.08}",100,2454,-1.877386189732542,-0.8249834151949261,0.0,0.9411764705882353,0.9803921568627451,0.9803921568627451,,0.5,1.5,1.5,24.0,-0.01936917233794642,904.0
absorption,201-300,1h,"{""r"": 0.12}",100,676,0.1308977875799646,1.5351377491575462,0.04285714285714286,0.5686274509803921,0.6862745098039216,0.7843137254901961,,-0.5,4.0,3.0,72.0,-0.06612847314125499,295.0
aggressor,201-300,1h,"{""vm"": 3}",100,300,0.27738164521078906,0.9438870444449032,0.046031746031746035,0.9215686274509803,0.8235294117647058,0.6470588235294118,,0.5,4.0,1.5,72.0,-0.23266669612226357,100.0
aggressor,201-300,1h,"{""vm"": 5}",100,101,0.07390483407112239,0.9672910730471667,0.03492063492063492,0.9019607843137255,0.9215686274509803,0.47058823529411764,,0.5,4.0,2.0,72.0,,28.0
aggressor,201-300,1h,"{""vm"": 8}",100,31,0.13070862818687923,1.046385931590879,0.07936507936507936,0.7254901960784313,0.6470588235294118,0.5490196078431373,,0.25,1.0,3.0,24.0,,11.0
capitulation,201-300,1h,"{""move_atr"": 3, ""oi_drop"": 0.02}",100,129,0.655873686569884,0.8523908564683312,0.05714285714285714,0.45098039215686275,0.7843137254901961,0.8627450980392157,,0.0,4.0,1.0,6.0,-0.46178515560783195,47.0
capitulation,201-300,1h,"{""move_atr"": 4, ""oi_drop"": 0.03}",100,30,1.1717059206147629,1.6851812382727782,0.42857142857142855,0.19607843137254902,0.39215686274509803,0.5686274509803921,,0.0,4.0,1.0,6.0,,8.0
capitulation,201-300,1h,"{""move_atr"": 5, ""oi_drop"": 0.04}",100,9,,,,1.0,1.0,1.0,,,,,,,
funding_fade,201-300,1h,"{""z"": 1.5}",100,414,1.3954543274881492,1.9639161897077138,0.42857142857142855,0.23529411764705882,0.13725490196078433,0.1568627450980392,момент (рыночный),0.5,1.5,2.0,72.0,0.30223550890011597,125.0
funding_fade,201-300,1h,"{""z"": 2.0}",100,309,1.5308611923037625,1.993099988040249,0.5888888888888889,0.29411764705882354,0.13725490196078433,0.13725490196078433,момент (рыночный),0.5,1.5,2.0,72.0,0.4813559831623293,104.0
funding_fade,201-300,1h,"{""z"": 2.5}",100,232,1.4817035220365484,2.483574981752583,0.6111111111111112,0.37254901960784315,0.1568627450980392,0.17647058823529413,момент (рыночный),0.5,1.5,3.0,72.0,-0.3588866234610069,76.0
h001_liq_knife_limit,201-300,15m,"{""k"": 0.25}",100,604,0.8206284950646238,1.5895061005245232,0.16825396825396827,0.49019607843137253,0.37254901960784315,0.4117647058823529,,1.0,1.5,3.0,8.0,-0.07230016171355345,112.0
h001_liq_knife_limit,201-300,15m,"{""k"": 0.5}",100,604,0.8206284950646238,1.5895061005245232,0.16825396825396827,0.49019607843137253,0.37254901960784315,0.4117647058823529,,1.0,1.5,3.0,8.0,-0.07230016171355345,112.0
h001_liq_knife_limit,201-300,15m,"{""k"": 1.0}",100,604,0.8206284950646238,1.5895061005245232,0.16825396825396827,0.49019607843137253,0.37254901960784315,0.4117647058823529,,1.0,1.5,3.0,8.0,-0.07230016171355345,112.0
h002_liq_decay_break,201-300,15m,"{""n"": 2}",100,959,0.17777782046063878,0.7306645752474444,0.06666666666666667,0.7450980392156863,0.6470588235294118,0.7058823529411765,,0.5,4.0,1.5,32.0,-0.601718434267614,216.0
h002_liq_decay_break,201-300,15m,"{""n"": 4}",100,762,1.1322533995396349,1.6935122359374917,0.26031746031746034,0.35294117647058826,0.21568627450980393,0.2549019607843137,,0.25,3.0,1.5,32.0,-0.526788903156294,225.0
h002_liq_decay_break,201-300,15m,"{""n"": 8}",100,570,1.8840692701686395,2.107284581856613,0.5841269841269842,0.11764705882352941,0.058823529411764705,0.0392156862745098,момент и монета,0.5,3.0,3.0,8.0,-0.16427792569565297,167.0
h003_liq_absorb,201-300,15m,"{""m"": 1.0}",100,318,1.8040120880391508,2.8715410549961335,0.29365079365079366,0.0196078431372549,0.27450980392156865,0.43137254901960786,,1.0,1.5,3.0,96.0,-0.560571082800181,45.0
h003_liq_absorb,201-300,15m,"{""m"": 1.5}",100,613,2.6935708054547525,3.8776589708633398,0.4126984126984127,0.0196078431372549,0.0196078431372549,0.09803921568627451,момент и монета,1.0,1.5,3.0,32.0,-0.34031913239490647,103.0
h003_liq_absorb,201-300,15m,"{""m"": 2.0}",100,809,2.3006116352917174,3.57948844796415,0.319047619047619,0.0196078431372549,0.0392156862745098,0.17647058823529413,момент и монета,1.0,1.5,3.0,32.0,-0.26235822277255394,134.0
h004_bottom_squeeze_trap,201-300,15m,"{""k"": 3}",100,951,0.8334783405991578,1.4901664624161195,0.09682539682539683,0.7058823529411765,0.37254901960784315,0.45098039215686275,,0.0,4.0,1.0,96.0,0.5948221825137526,271.0
h004_bottom_squeeze_trap,201-300,15m,"{""k"": 6}",100,841,0.7063204198060886,1.3411350730262135,0.1984126984126984,0.7058823529411765,0.43137254901960786,0.35294117647058826,,0.0,4.0,1.5,96.0,0.6462766892970334,249.0
h004_bottom_squeeze_trap,201-300,15m,"{""k"": 12}",100,692,1.068266328873474,1.5880225409461854,0.24126984126984127,0.6666666666666666,0.1568627450980392,0.1568627450980392,момент (рыночный),0.0,3.0,1.5,96.0,0.7217917468008658,215.0
h005_cascade_accel,201-300,5m,"{""th"": 0.0005}",100,195,2.0818790165588785,2.6410050707756985,0.7492063492063492,0.0196078431372549,0.0392156862745098,0.058823529411764705,момент и монета,0.5,3.0,1.0,48.0,,18.0
h005_cascade_accel,201-300,5m,"{""th"": 0.001}",100,110,1.3049066497698552,1.7332503101347758,0.5698412698412698,0.0196078431372549,0.19607843137254902,0.4117647058823529,,0.0,1.5,2.0,48.0,,18.0
h005_cascade_accel,201-300,5m,"{""th"": 0.002}",100,67,1.515432051498915,2.330218362986169,0.5841269841269842,0.0196078431372549,0.1568627450980392,0.35294117647058826,,0.0,1.5,3.0,144.0,,11.0
h006_oi_up_in_cascade,201-300,15m,"{""x"": 0.0}",100,663,2.1980457506044333,3.0903930997893996,0.5365079365079365,0.21568627450980393,0.0392156862745098,0.058823529411764705,момент (рыночный),0.5,2.0,2.0,32.0,-0.4505537900823047,143.0
h006_oi_up_in_cascade,201-300,15m,"{""x"": 0.005}",100,598,2.111985503239012,3.0165651708204906,0.5142857142857142,0.09803921568627451,0.058823529411764705,0.0392156862745098,момент и монета,0.5,2.0,2.0,32.0,-0.5742832966737029,122.0
h006_oi_up_in_cascade,201-300,15m,"{""x"": 0.015}",100,420,1.8542722544963712,2.4411050281217084,0.6031746031746031,0.5294117647058824,0.0784313725490196,0.09803921568627451,момент (рыночный),0.5,2.0,2.0,32.0,-0.9070747261865676,79.0
h007_idio_cascade,201-300,15m,"{""x"": 1.5}",100,12,,,,1.0,1.0,1.0,,,,,,,
h007_idio_cascade,201-300,15m,"{""x"": 2.0}",100,7,,,,1.0,1.0,1.0,,,,,,,
h007_idio_cascade,201-300,15m,"{""x"": 3.0}",100,3,,,,1.0,1.0,1.0,,,,,,,
h008_v_reclaim_break,201-300,15m,"{""r"": 0.5}",100,506,0.6579772261375072,1.2465007957785663,0.13333333333333333,0.4117647058823529,0.4117647058823529,0.5686274509803921,,1.0,4.0,2.0,96.0,-0.33480139552569554,92.0
h008_v_reclaim_break,201-300,15m,"{""r"": 0.65}",100,273,0.9051560649915547,1.647987247825557,0.07936507936507936,0.35294117647058826,0.4117647058823529,0.35294117647058826,,-0.5,4.0,3.0,96.0,-0.14258456037403797,83.0
h008_v_reclaim_break,201-300,15m,"{""r"": 0.8}",100,140,1.7324700021599435,2.851164808086703,0.5619047619047619,0.23529411764705882,0.13725490196078433,0.09803921568627451,момент (рыночный),-0.5,1.5,3.0,96.0,-0.1099760293822241,43.0
h009_whale_cascade_buy,201-300,15m,"{""g"": 0.002}",100,297,1.2584394067684017,2.5154264210346367,0.4238095238095238,0.1568627450980392,0.13725490196078433,0.39215686274509803,,1.0,1.0,3.0,32.0,-0.13884212360897324,45.0
h009_whale_cascade_buy,201-300,15m,"{""g"": 0.004}",100,199,1.2003942562073748,2.6318432553669884,0.23174603174603176,0.13725490196078433,0.27450980392156865,0.6666666666666666,,1.0,1.0,3.0,32.0,0.10120126634483764,30.0
h009_whale_cascade_buy,201-300,15m,"{""g"": 0.008}",100,100,0.49233584505185235,1.120281722691295,0.15079365079365079,0.6470588235294118,0.7254901960784313,0.9019607843137255,,0.5,1.5,1.0,96.0,,13.0
h010_liq_crowd_go,201-300,15m,"{""k"": 5}",100,1660,-1.2622025639405001,-0.49116770716786334,0.0,0.9215686274509803,0.9215686274509803,1.0,,0.5,4.0,2.0,8.0,0.007353999889487427,381.0
h010_liq_crowd_go,201-300,15m,"{""k"": 10}",100,1170,-1.413192417175955,-0.3261710745990339,0.0,1.0,0.9019607843137255,1.0,,0.25,2.0,2.0,8.0,-0.1833709828453072,322.0
h010_liq_crowd_go,201-300,15m,"{""k"": 20}",100,815,-0.6615309039777801,-0.10530226140070367,0.0,0.8823529411764706,0.9019607843137255,0.9803921568627451,,0.25,4.0,1.5,8.0,-0.2020477425851121,213.0
h011_liq_divergence,201-300,1h,"{""r"": 1.5}",100,253,2.2154071446999994,2.5878848544800555,0.7507936507936508,0.17647058823529413,0.23529411764705882,0.0196078431372549,выбор монеты,0.0,3.0,3.0,72.0,1.9198117901873184,82.0
h011_liq_divergence,201-300,1h,"{""r"": 2.0}",100,199,1.6160450953303467,2.4703359664337823,0.6571428571428571,0.45098039215686275,0.5098039215686274,0.11764705882352941,,0.0,4.0,3.0,72.0,2.5986330826772797,71.0
h011_liq_divergence,201-300,1h,"{""r"": 3.0}",100,134,2.139776498491297,2.8067267858603615,0.6952380952380952,0.3333333333333333,0.17647058823529413,0.0392156862745098,момент (рыночный),0.25,4.0,3.0,24.0,2.1992562408622143,45.0
h012_squeeze_retrace,201-300,1h,"{""fr"": 0.382}",100,292,-0.194130414570644,0.4903902080555668,0.01904761904761905,0.803921568627451,0.9607843137254902,0.8235294117647058,,-0.5,2.0,3.0,72.0,-0.11833188131466386,52.0
h012_squeeze_retrace,201-300,1h,"{""fr"": 0.5}",100,292,-0.194130414570644,0.4903902080555668,0.01904761904761905,0.803921568627451,0.9607843137254902,0.8235294117647058,,-0.5,2.0,3.0,72.0,-0.11833188131466386,52.0
h012_squeeze_retrace,201-300,1h,"{""fr"": 0.618}",100,292,-0.194130414570644,0.4903902080555668,0.01904761904761905,0.803921568627451,0.9607843137254902,0.8235294117647058,,-0.5,2.0,3.0,72.0,-0.11833188131466386,52.0
h013_liq_imb_pullback,201-300,1h,"{""s"": 0.65}",100,433,-1.2809272292414144,-0.4935948416785967,0.0,1.0,1.0,1.0,,-0.5,1.5,3.0,24.0,-1.207176162626225,106.0
h013_liq_imb_pullback,201-300,1h,"{""s"": 0.75}",100,358,-0.23052167294914364,0.8423941361106538,0.03492063492063492,0.9411764705882353,0.9607843137254902,0.7450980392156863,,-0.5,4.0,3.0,6.0,-0.6726346679784532,87.0
h013_liq_imb_pullback,201-300,1h,"{""s"": 0.85}",100,310,-0.36555869514041917,0.45823736763772394,0.020634920634920634,0.9607843137254902,0.9411764705882353,0.9215686274509803,,1.0,4.0,3.0,24.0,-0.8713113851364567,43.0
h014_liq_side_flip,201-300,1h,"{""s"": 0.6}",100,312,2.082252891707896,3.184970504676512,0.6968253968253968,0.11764705882352941,0.17647058823529413,0.19607843137254902,момент и монета,0.5,1.0,3.0,72.0,-0.49190984538339844,65.0
h014_liq_side_flip,201-300,1h,"{""s"": 0.7}",100,194,1.4258780201836196,2.424127514133601,0.5825396825396826,0.3333333333333333,0.2549019607843137,0.5294117647058824,,0.0,1.0,3.0,72.0,-0.7928059316690611,75.0
h014_liq_side_flip,201-300,1h,"{""s"": 0.8}",100,122,1.5595412521671728,2.9236817615266695,0.20952380952380953,0.43137254901960786,0.45098039215686275,0.5098039215686274,,0.5,1.0,3.0,72.0,-0.14826232383834473,30.0
h015_fund_flip_cascade,201-300,1h,"{""th"": 0.0015}",100,308,1.5834224204665266,2.2864211934423575,0.4126984126984127,0.13725490196078433,0.2549019607843137,0.29411764705882354,,0.5,1.0,3.0,6.0,0.6578356907709242,40.0
h015_fund_flip_cascade,201-300,1h,"{""th"": 0.003}",100,178,1.5323783160937232,2.0189387261845897,0.3825396825396825,0.3137254901960784,0.3137254901960784,0.21568627450980393,,0.5,4.0,1.0,6.0,,25.0
h015_fund_flip_cascade,201-300,1h,"{""th"": 0.006}",100,115,1.5849356747621182,1.9920805890196551,0.40476190476190477,0.3137254901960784,0.27450980392156865,0.39215686274509803,,0.5,4.0,1.0,6.0,,12.0
h016_crowd_ignition,201-300,1h,"{""q"": 0.1}",100,140,0.41750715391201304,0.8158910763269163,0.07301587301587302,0.803921568627451,0.8627450980392157,0.7843137254901961,,1.0,4.0,1.0,6.0,-0.6900212013755251,35.0
h016_crowd_ignition,201-300,1h,"{""q"": 0.2}",100,188,0.8685470101695429,1.4665277915684283,0.16507936507936508,0.5490196078431373,0.6666666666666666,0.43137254901960786,,0.25,4.0,2.0,6.0,-0.24528661049614517,67.0
h016_crowd_ignition,201-300,1h,"{""q"": 0.3}",100,216,0.5812077936860196,1.1635452242950945,0.10952380952380952,0.5294117647058824,0.8431372549019608,0.5098039215686274,,1.0,4.0,1.5,6.0,-0.6336136637158721,52.0
h017_no_bounce_cont,201-300,1h,"{""b"": 0.4}",100,125,1.858114298413872,2.364328343125603,0.3634920634920635,0.39215686274509803,0.27450980392156865,0.6470588235294118,,1.0,1.0,3.0,6.0,,17.0
h017_no_bounce_cont,201-300,1h,"{""b"": 0.5}",100,287,1.8153957661830207,2.250879306643753,0.2841269841269841,0.2549019607843137,0.35294117647058826,0.5686274509803921,,1.0,2.0,2.0,6.0,0.8639981105288524,37.0
h017_no_bounce_cont,201-300,1h,"{""b"": 0.6}",100,464,1.7126479819654983,1.7803988006511016,0.20952380952380953,0.3137254901960784,0.43137254901960786,0.5490196078431373,,1.0,2.0,1.0,6.0,0.8058151841854075,54.0
h018_trend_shakeout,201-300,1h,"{""v"": 0.015}",100,10825,0.06639330682355477,0.8074303852550369,0.03333333333333333,1.0,0.8235294117647058,0.43137254901960786,,0.25,4.0,3.0,24.0,-0.19112478936566152,3563.0
h018_trend_shakeout,201-300,1h,"{""v"": 0.025}",100,5328,0.42356183475345,1.365175168849324,0.11428571428571428,1.0,0.6666666666666666,0.6274509803921569,,0.25,4.0,1.5,6.0,-0.26331273308055775,1618.0
h018_trend_shakeout,201-300,1h,"{""v"": 0.04}",100,2272,0.40890362968382016,0.8049421108763114,0.026984126984126985,1.0,0.8431372549019608,0.7450980392156863,,0.5,4.0,1.0,6.0,-0.35869567055785007,455.0
h019_oi_driver_fade,201-300,1h,"{""rho"": 0.3}",100,6471,0.9586048758960839,1.9632548878686342,0.06666666666666667,0.7843137254901961,0.6862745098039216,0.0392156862745098,,0.25,4.0,3.0,72.0,0.31333207990173445,1661.0
h019_oi_driver_fade,201-300,1h,"{""rho"": 0.5}",100,6096,1.2139439896690385,2.174403400331118,0.07777777777777778,0.5294117647058824,0.5686274509803921,0.0392156862745098,,0.25,4.0,3.0,72.0,0.2319381211571497,1565.0
h019_oi_driver_fade,201-300,1h,"{""rho"": 0.7}",100,5095,1.680335708356359,2.631240510239674,0.1126984126984127,0.2549019607843137,0.5098039215686274,0.0392156862745098,,0.25,4.0,3.0,72.0,0.20222312663013883,1338.0
h020_oi_roundtrip,201-300,1h,"{""v"": 0.02}",100,6125,1.381492589542051,2.1696401412499267,0.17936507936507937,0.27450980392156865,0.9607843137254902,0.058823529411764705,,0.5,4.0,3.0,72.0,0.295963998558703,1604.0
h020_oi_roundtrip,201-300,1h,"{""v"": 0.035}",100,2527,0.4187116476147192,1.0178314790265304,0.14126984126984127,0.7450980392156863,1.0,0.37254901960784315,,0.5,3.0,1.0,24.0,-0.06362106311588808,597.0
h020_oi_roundtrip,201-300,1h,"{""v"": 0.06}",100,868,0.8450612660301572,1.7920595704054882,0.21428571428571427,0.6470588235294118,0.9411764705882353,0.3137254901960784,,0.5,3.0,3.0,24.0,1.1585633988763862,119.0
liq_flush,201-300,15m,"{""k"": 5}",100,3664,2.316222739580841,3.3610021888096218,0.3634920634920635,0.23529411764705882,0.0196078431372549,0.0392156862745098,момент (рыночный),0.5,2.0,3.0,32.0,0.15873757451091622,946.0
liq_flush,201-300,15m,"{""k"": 10}",100,2753,3.3960258982412195,4.28865566993889,0.4492063492063492,0.058823529411764705,0.0196078431372549,0.0196078431372549,момент и монета,0.5,2.0,3.0,32.0,0.16300154019031715,724.0
liq_flush,201-300,15m,"{""k"": 20}",100,1898,3.77451070083225,4.707854737594714,0.4777777777777778,0.0392156862745098,0.0196078431372549,0.0196078431372549,момент и монета,0.5,2.0,3.0,32.0,0.12012755445322061,506.0
oi_breakout,201-300,1h,"{""n"": 24}",100,4299,0.29756049776873805,1.086458200077035,0.049206349206349205,0.9411764705882353,0.6862745098039216,0.13725490196078433,,1.0,4.0,3.0,24.0,-0.14398932836626815,1027.0
oi_breakout,201-300,1h,"{""n"": 48}",100,3434,0.1611303379559007,0.8937077699641178,0.049206349206349205,0.9411764705882353,0.8235294117647058,0.27450980392156865,,0.5,4.0,3.0,24.0,-0.09536805682736497,1100.0
oi_breakout,201-300,1h,"{""n"": 96}",100,2606,0.11963760409564096,1.1105328351561032,0.049206349206349205,0.9607843137254902,0.8431372549019608,0.3137254901960784,,0.5,4.0,3.0,24.0,-0.1209533017592494,828.0
squeeze_breakout,201-300,1h,"{""oi_up"": 0.0}",100,2340,-0.9750090522647312,-0.22576410646202752,0.0,0.9411764705882353,0.9411764705882353,0.7843137254901961,,0.5,4.0,2.0,6.0,-0.2897761487553864,647.0
squeeze_breakout,201-300,1h,"{""oi_up"": 0.03}",100,685,0.0734421825795334,0.5404772245220802,0.03650793650793651,0.8431372549019608,0.7450980392156863,0.5882352941176471,,0.5,4.0,1.5,6.0,-0.10611104033223495,174.0
squeeze_breakout,201-300,1h,"{""oi_up"": 0.06}",100,216,0.8299221885019782,1.5263768152851682,0.11587301587301588,0.5098039215686274,0.803921568627451,0.6666666666666666,,-0.5,4.0,3.0,72.0,-0.8716448304971002,52.0
squeeze_fuel,201-300,1h,"{""oi_up"": 0.05}",100,231,1.1040926065813317,2.150244114844658,0.21428571428571427,0.5686274509803921,0.5294117647058824,0.35294117647058826,,-0.5,4.0,3.0,72.0,2.7050185526302255,36.0
squeeze_fuel,201-300,1h,"{""oi_up"": 0.1}",100,109,1.1614493996642663,2.0110350101773182,0.3238095238095238,0.6666666666666666,0.5098039215686274,0.5686274509803921,,-0.5,2.0,3.0,24.0,,21.0
squeeze_fuel,201-300,1h,"{""oi_up"": 0.15}",100,61,0.9806635983665536,2.1999350747270636,0.26031746031746034,0.7647058823529411,0.6078431372549019,0.5490196078431373,,-0.5,1.5,3.0,72.0,,11.0
stop_hunter,201-300,1h,"{""sens"": 1}",100,20329,3.302961517204251,3.64122721520435,0.3,0.09803921568627451,0.3333333333333333,0.0196078431372549,выбор монеты,0.25,3.0,3.0,72.0,-0.09821436795888425,7516.0
stop_hunter,201-300,1h,"{""sens"": 2}",100,17436,3.4164454101051374,3.9230087621498546,0.3047619047619048,0.0196078431372549,0.11764705882352941,0.0196078431372549,момент и монета,0.5,3.0,3.0,72.0,-0.08947100446723777,5330.0
stop_hunter,201-300,1h,"{""sens"": 3}",100,11690,2.5784249684058826,2.9725751914499097,0.2761904761904762,0.09803921568627451,0.2549019607843137,0.0196078431372549,выбор монеты,0.25,2.0,3.0,72.0,-0.028186529802900075,4297.0
sweep,201-300,1h,"{""vmult"": 1.0}",100,7788,-0.9111131494303533,0.1270763721802884,0.0015873015873015873,0.7647058823529411,0.8235294117647058,0.7843137254901961,,1.0,4.0,3.0,72.0,0.0306477166923325,1709.0
sweep,201-300,1h,"{""vmult"": 1.5}",100,5791,-0.5137261429177389,0.26368896914545625,0.0015873015873015873,0.5686274509803921,0.7058823529411765,0.6274509803921569,,1.0,3.0,3.0,72.0,0.04523610584709982,1299.0
sweep,201-300,1h,"{""vmult"": 2.5}",100,3198,-0.2940602939001882,0.21867745682421114,0.012698412698412698,0.39215686274509803,0.9019607843137255,0.45098039215686275,,0.25,4.0,3.0,6.0,-0.0780665678982532,1296.0
whales_vs_crowd,201-300,1h,"{""gap"": 0.05}",100,17072,-2.206085679882198,-1.5063945804960557,0.0,1.0,0.9803921568627451,1.0,,1.0,4.0,3.0,72.0,-0.029070973430199674,4505.0
whales_vs_crowd,201-300,1h,"{""gap"": 0.1}",100,12000,-2.15420304667179,-1.3734688298284623,0.0,0.9803921568627451,1.0,1.0,,1.0,3.0,2.0,72.0,0.04887251824818471,3098.0
whales_vs_crowd,201-300,1h,"{""gap"": 0.15}",100,7559,-3.003205474550021,-2.4911907116049257,0.0,1.0,1.0,1.0,,1.0,4.0,3.0,6.0,-0.07666517663761604,2075.0
absorption,301-400,1h,"{""r"": 0.05}",100,5965,-3.684082406665714,-2.6302607947852037,0.0,1.0,1.0,1.0,,1.0,1.5,3.0,24.0,0.026480389983890594,1270.0
absorption,301-400,1h,"{""r"": 0.08}",100,2642,-1.6457538667869502,-0.8297698016451792,0.0,0.5686274509803921,0.9215686274509803,1.0,,0.25,4.0,3.0,72.0,0.5309859476458803,1191.0
absorption,301-400,1h,"{""r"": 0.12}",100,773,-0.5559711141926673,0.16931515361432908,0.006349206349206349,0.8431372549019608,0.8431372549019608,0.7058823529411765,,0.25,4.0,1.5,72.0,0.035980958213694306,416.0
aggressor,301-400,1h,"{""vm"": 3}",100,314,1.7277313670911205,2.146436200414287,0.19206349206349208,0.058823529411764705,0.1568627450980392,0.058823529411764705,момент и монета,1.0,2.0,3.0,72.0,-0.5375722349117074,79.0
aggressor,301-400,1h,"{""vm"": 5}",100,91,2.5611873215495233,3.2249736694705025,0.5984126984126984,0.0196078431372549,0.0392156862745098,0.058823529411764705,момент и монета,0.5,2.0,3.0,72.0,0.049846777336761294,31.0
aggressor,301-400,1h,"{""vm"": 8}",100,34,1.3657988657365252,1.8245711238385867,0.8492063492063492,0.058823529411764705,0.3333333333333333,0.17647058823529413,выбор монеты,0.0,2.0,2.0,72.0,,13.0
capitulation,301-400,1h,"{""move_atr"": 3, ""oi_drop"": 0.02}",100,127,1.2609439709471584,1.9549690948748475,0.26031746031746034,0.7254901960784313,0.3137254901960784,0.47058823529411764,,0.25,1.0,1.5,24.0,0.1830017342490958,42.0
capitulation,301-400,1h,"{""move_atr"": 4, ""oi_drop"": 0.03}",100,31,0.2831729136107324,1.434107229421506,0.19047619047619047,0.5882352941176471,0.7058823529411765,0.7647058823529411,,0.0,1.0,1.0,24.0,,6.0
capitulation,301-400,1h,"{""move_atr"": 5, ""oi_drop"": 0.04}",100,12,,,,1.0,1.0,1.0,,,,,,,
funding_fade,301-400,1h,"{""z"": 1.5}",100,365,1.107097708562821,1.873199522661763,0.19206349206349208,0.3333333333333333,0.2549019607843137,0.23529411764705882,,-0.5,2.0,3.0,24.0,-0.8406785847827549,105.0
funding_fade,301-400,1h,"{""z"": 2.0}",100,266,0.9859414590558381,2.1180801290317004,0.0746031746031746,0.45098039215686275,0.17647058823529413,0.1568627450980392,момент (рыночный),1.0,2.0,3.0,72.0,-0.4767372622544051,59.0
funding_fade,301-400,1h,"{""z"": 2.5}",100,211,1.0354049954771158,2.156684955561662,0.07301587301587302,0.3137254901960784,0.35294117647058826,0.21568627450980393,,1.0,2.0,3.0,72.0,-0.14408679091356075,43.0
h001_liq_knife_limit,301-400,15m,"{""k"": 0.25}",100,402,1.084850729278956,1.5638895437556906,0.48095238095238096,0.7254901960784313,0.1568627450980392,0.23529411764705882,,0.5,4.0,3.0,32.0,0.0194545376815464,115.0
h001_liq_knife_limit,301-400,15m,"{""k"": 0.5}",100,402,1.084850729278956,1.5638895437556906,0.48095238095238096,0.7254901960784313,0.1568627450980392,0.23529411764705882,,0.5,4.0,3.0,32.0,0.0194545376815464,115.0
h001_liq_knife_limit,301-400,15m,"{""k"": 1.0}",100,402,1.084850729278956,1.5638895437556906,0.48095238095238096,0.7254901960784313,0.1568627450980392,0.23529411764705882,,0.5,4.0,3.0,32.0,0.0194545376815464,115.0
h002_liq_decay_break,301-400,15m,"{""n"": 2}",100,662,1.7740338889172067,2.637154093162144,0.4126984126984127,0.058823529411764705,0.058823529411764705,0.0392156862745098,момент и монета,0.0,4.0,3.0,32.0,-0.5840820466430687,288.0
h002_liq_decay_break,301-400,15m,"{""n"": 4}",100,535,1.523917448430692,2.7872268514502325,0.30158730158730157,0.45098039215686275,0.0392156862745098,0.13725490196078433,момент (рыночный),1.0,2.0,3.0,32.0,-0.33636499933242897,127.0
h002_liq_decay_break,301-400,15m,"{""n"": 8}",100,432,1.5265901969414166,2.557238037691514,0.4158730158730159,0.1568627450980392,0.0784313725490196,0.1568627450980392,момент и монета,0.5,2.0,3.0,32.0,-0.07318602592880291,150.0
h003_liq_absorb,301-400,15m,"{""m"": 1.0}",100,127,1.5092958054707324,1.988504422765309,0.5174603174603175,0.09803921568627451,0.1568627450980392,0.37254901960784315,,-0.5,3.0,3.0,32.0,0.35280290440586787,59.0
h003_liq_absorb,301-400,15m,"{""m"": 1.5}",100,275,1.3290429627692755,2.217316665884733,0.31587301587301586,0.21568627450980393,0.11764705882352941,0.27450980392156865,,-0.5,3.0,3.0,32.0,0.3155625493199592,122.0
h003_liq_absorb,301-400,15m,"{""m"": 2.0}",100,394,1.001038424878618,1.659110268334862,0.35873015873015873,0.47058823529411764,0.1568627450980392,0.2549019607843137,,-0.5,2.0,3.0,8.0,-0.2746004119092152,162.0
h004_bottom_squeeze_trap,301-400,15m,"{""k"": 3}",100,636,2.5600319842511645,3.321951052162313,0.3253968253968254,0.09803921568627451,0.0196078431372549,0.0196078431372549,момент и монета,0.0,4.0,3.0,96.0,-0.4733890578500578,200.0
h004_bottom_squeeze_trap,301-400,15m,"{""k"": 6}",100,586,2.363824075198499,3.1398137367990526,0.33015873015873015,0.13725490196078433,0.0196078431372549,0.0196078431372549,момент и монета,0.0,4.0,3.0,96.0,-0.5460064929758449,190.0
h004_bottom_squeeze_trap,301-400,15m,"{""k"": 12}",100,518,2.2995239710586515,3.1892242502126895,0.319047619047619,0.19607843137254902,0.0196078431372549,0.0196078431372549,момент и монета,0.0,4.0,3.0,96.0,-0.34470016806750203,162.0
h005_cascade_accel,301-400,5m,"{""th"": 0.0005}",100,129,0.671553522466479,1.3236033215619216,0.4888888888888889,0.058823529411764705,0.4117647058823529,0.7450980392156863,,1.0,4.0,2.0,144.0,,15.0
h005_cascade_accel,301-400,5m,"{""th"": 0.001}",100,71,1.3348545326738601,1.865478004691195,0.49523809523809526,0.058823529411764705,0.2549019607843137,0.43137254901960786,,0.0,4.0,1.0,144.0,,8.0
h005_cascade_accel,301-400,5m,"{""th"": 0.002}",100,26,,,,1.0,1.0,1.0,,,,,,,
h006_oi_up_in_cascade,301-400,15m,"{""x"": 0.0}",100,479,1.7489613586941695,2.2267402994100056,0.2984126984126984,0.6274509803921569,0.0392156862745098,0.0784313725490196,момент (рыночный),1.0,4.0,3.0,32.0,0.43268920494588864,93.0
h006_oi_up_in_cascade,301-400,15m,"{""x"": 0.005}",100,428,1.9867066047710769,2.4308138004755535,0.43492063492063493,0.6274509803921569,0.11764705882352941,0.058823529411764705,момент (рыночный),1.0,4.0,3.0,32.0,0.5717442355501712,80.0
h006_oi_up_in_cascade,301-400,15m,"{""x"": 0.015}",100,297,1.7979043596036166,2.4247260912803177,0.5079365079365079,0.5882352941176471,0.09803921568627451,0.0392156862745098,момент (рыночный),0.5,4.0,3.0,32.0,0.6359158355435068,74.0
h007_idio_cascade,301-400,15m,"{""x"": 1.5}",100,2,,,,1.0,1.0,1.0,,,,,,,
h007_idio_cascade,301-400,15m,"{""x"": 2.0}",100,1,,,,1.0,1.0,1.0,,,,,,,
h007_idio_cascade,301-400,15m,"{""x"": 3.0}",100,0,,,,1.0,1.0,1.0,,,,,,,
h008_v_reclaim_break,301-400,15m,"{""r"": 0.5}",100,327,1.0227271808999527,1.5957678153732258,0.31746031746031744,0.21568627450980393,0.17647058823529413,0.19607843137254902,момент (рыночный),0.0,3.0,3.0,32.0,-0.36360781671092707,152.0
h008_v_reclaim_break,301-400,15m,"{""r"": 0.65}",100,174,1.4370932036870177,1.9101965906168699,0.4873015873015873,0.0392156862745098,0.11764705882352941,0.058823529411764705,момент и монета,0.5,3.0,3.0,32.0,-0.2267973212039001,60.0
h008_v_reclaim_break,301-400,15m,"{""r"": 0.8}",100,83,0.642515304076017,1.2614224187042893,0.28888888888888886,0.29411764705882354,0.43137254901960786,0.6470588235294118,,0.5,4.0,1.0,8.0,0.4603100406424839,33.0
h009_whale_cascade_buy,301-400,15m,"{""g"": 0.002}",100,178,2.4009036073656502,3.106311214613987,0.4444444444444444,0.17647058823529413,0.058823529411764705,0.09803921568627451,момент и монета,1.0,3.0,3.0,32.0,-0.11855162371490746,30.0
h009_whale_cascade_buy,301-400,15m,"{""g"": 0.004}",100,107,2.406116058307776,2.9516941743946323,0.45714285714285713,0.1568627450980392,0.0392156862745098,0.0196078431372549,момент и монета,1.0,1.5,3.0,96.0,,15.0
h009_whale_cascade_buy,301-400,15m,"{""g"": 0.008}",100,53,1.8570264920569675,2.6677818079311724,0.5984126984126984,0.27450980392156865,0.09803921568627451,0.1568627450980392,момент (рыночный),-0.5,3.0,3.0,32.0,,12.0
h010_liq_crowd_go,301-400,15m,"{""k"": 5}",100,1313,-1.3799638041221922,-0.9327041773233422,0.0,0.6470588235294118,0.8627450980392157,1.0,,0.5,2.0,1.5,96.0,-0.12608107384893222,215.0
h010_liq_crowd_go,301-400,15m,"{""k"": 10}",100,918,-1.1802822250124958,-0.6362091097607228,0.0,0.6274509803921569,0.9411764705882353,1.0,,0.5,2.0,1.0,96.0,0.023968311922377205,164.0
h010_liq_crowd_go,301-400,15m,"{""k"": 20}",100,609,-0.2597723486870818,0.5005317439498835,0.011111111111111112,0.39215686274509803,0.7450980392156863,0.8627450980392157,,0.5,2.0,1.5,32.0,0.11755596688861993,116.0
h011_liq_divergence,301-400,1h,"{""r"": 1.5}",100,188,0.2526528191913076,1.3331627646601876,0.06666666666666667,0.6470588235294118,0.7647058823529411,0.9019607843137255,,1.0,1.5,3.0,6.0,,27.0
h011_liq_divergence,301-400,1h,"{""r"": 2.0}",100,156,0.10156528392038972,0.8534273966792811,0.06031746031746032,0.7058823529411765,0.8235294117647058,0.9215686274509803,,1.0,1.5,3.0,6.0,,24.0
h011_liq_divergence,301-400,1h,"{""r"": 3.0}",100,109,0.31473396229539463,1.0039422658289132,0.1873015873015873,0.5686274509803921,0.7647058823529411,0.7843137254901961,,0.5,4.0,1.0,24.0,1.404928515638551,34.0
h012_squeeze_retrace,301-400,1h,"{""fr"": 0.382}",100,257,0.7488267696587937,1.5637419952264893,0.19523809523809524,0.19607843137254902,0.7058823529411765,0.6666666666666666,,1.0,2.0,3.0,72.0,0.06419794235391268,40.0
h012_squeeze_retrace,301-400,1h,"{""fr"": 0.5}",100,257,0.7488267696587937,1.5637419952264893,0.19523809523809524,0.19607843137254902,0.7058823529411765,0.6666666666666666,,1.0,2.0,3.0,72.0,0.06419794235391268,40.0
h012_squeeze_retrace,301-400,1h,"{""fr"": 0.618}",100,257,0.7488267696587937,1.5637419952264893,0.19523809523809524,0.19607843137254902,0.7058823529411765,0.6666666666666666,,1.0,2.0,3.0,72.0,0.06419794235391268,40.0
h013_liq_imb_pullback,301-400,1h,"{""s"": 0.65}",100,396,0.7002188347764035,1.2755882786961246,0.10317460317460317,0.39215686274509803,0.5490196078431373,0.5294117647058824,,0.25,4.0,3.0,72.0,-1.6147170746768489,74.0
h013_liq_imb_pullback,301-400,1h,"{""s"": 0.75}",100,327,0.8532849295664212,1.4022200918395882,0.14444444444444443,0.1568627450980392,0.5686274509803921,0.45098039215686275,,1.0,4.0,3.0,72.0,-2.3362024163518824,43.0
h013_liq_imb_pullback,301-400,1h,"{""s"": 0.85}",100,280,0.3298845234191753,0.9091129751638097,0.031746031746031744,0.6470588235294118,0.6274509803921569,0.47058823529411764,,-0.5,4.0,3.0,72.0,-1.148535229496157,47.0
h014_liq_side_flip,301-400,1h,"{""s"": 0.6}",100,207,1.731982683890924,2.5538475185694107,0.573015873015873,0.17647058823529413,0.19607843137254902,0.21568627450980393,,-0.5,1.0,3.0,24.0,-0.5042930765246576,33.0
h014_liq_side_flip,301-400,1h,"{""s"": 0.7}",100,130,0.32247037893763514,1.1311975985571439,0.08412698412698413,0.8823529411764706,0.8431372549019608,0.9215686274509803,,1.0,1.0,3.0,6.0,,24.0
h014_liq_side_flip,301-400,1h,"{""s"": 0.8}",100,91,1.3035937301450273,2.3442479527692335,0.346031746031746,0.5294117647058824,0.23529411764705882,0.6078431372549019,,1.0,1.0,3.0,24.0,,18.0
h015_fund_flip_cascade,301-400,1h,"{""th"": 0.0015}",100,228,0.11542719225118714,0.31017413642379343,0.023809523809523808,0.9411764705882353,0.7843137254901961,0.9607843137254902,,0.25,1.5,1.0,24.0,-0.6545566069462824,47.0
h015_fund_flip_cascade,301-400,1h,"{""th"": 0.003}",100,137,0.5634687194696899,1.1378370243686797,0.07936507936507936,0.9411764705882353,0.7254901960784313,0.6470588235294118,,0.25,2.0,1.0,24.0,-0.9229985705974475,30.0
h015_fund_flip_cascade,301-400,1h,"{""th"": 0.006}",100,92,0.7957400652109103,1.2117006766342742,0.1761904761904762,0.8431372549019608,0.5686274509803921,0.5294117647058824,,0.25,3.0,1.0,6.0,,17.0
h016_crowd_ignition,301-400,1h,"{""q"": 0.1}",100,116,-0.8559863608446568,-0.0885792418425935,0.0,1.0,1.0,0.9803921568627451,,1.0,3.0,3.0,72.0,,26.0
h016_crowd_ignition,301-400,1h,"{""q"": 0.2}",100,163,-1.1827932842247362,-0.3085630920635409,0.0,1.0,0.9803921568627451,0.9803921568627451,,-0.5,2.0,3.0,72.0,-2.1415453016445025,42.0
h016_crowd_ignition,301-400,1h,"{""q"": 0.3}",100,196,-0.780798702545393,-0.279037475310031,0.0,1.0,0.9803921568627451,0.9411764705882353,,-0.5,2.0,3.0,72.0,-1.9670410551762736,51.0
h017_no_bounce_cont,301-400,1h,"{""b"": 0.4}",100,129,3.8902556730452726,4.822691773468496,0.6238095238095238,0.0392156862745098,0.0392156862745098,0.0196078431372549,момент и монета,0.0,1.0,3.0,72.0,-0.30737974622975595,35.0
h017_no_bounce_cont,301-400,1h,"{""b"": 0.5}",100,244,3.6603194290024965,5.07734417599373,0.7333333333333333,0.0392156862745098,0.0196078431372549,0.0196078431372549,момент и монета,0.0,1.0,3.0,72.0,-0.1374166539604102,67.0
h017_no_bounce_cont,301-400,1h,"{""b"": 0.6}",100,388,4.258073789034941,5.341505129063622,0.7380952380952381,0.0196078431372549,0.0196078431372549,0.0196078431372549,момент и монета,0.0,1.0,3.0,72.0,-0.13141393306441776,108.0
h018_trend_shakeout,301-400,1h,"{""v"": 0.015}",100,10146,-3.0874787241528923,-2.2049671424516304,0.0,1.0,1.0,1.0,,1.0,1.5,2.0,72.0,0.056546796442250045,1477.0
h018_trend_shakeout,301-400,1h,"{""v"": 0.025}",100,4777,-1.7751347115968836,-1.563422524332685,0.0,1.0,0.9803921568627451,1.0,,1.0,4.0,1.0,6.0,-0.038518988438934476,628.0
h018_trend_shakeout,301-400,1h,"{""v"": 0.04}",100,1841,-0.9304250584273834,-0.761457283195112,0.0,1.0,0.9803921568627451,1.0,,1.0,4.0,1.5,6.0,0.1782904334214798,195.0
h019_oi_driver_fade,301-400,1h,"{""rho"": 0.3}",100,6685,0.45300434428729275,1.5457952026733544,0.044444444444444446,0.35294117647058826,0.3137254901960784,0.45098039215686275,,1.0,4.0,3.0,72.0,0.8489297125098214,889.0
h019_oi_driver_fade,301-400,1h,"{""rho"": 0.5}",100,6220,0.7963359076753719,1.9815753247156886,0.06190476190476191,0.21568627450980393,0.29411764705882354,0.5490196078431373,,1.0,3.0,3.0,72.0,0.6326496672461099,826.0
h019_oi_driver_fade,301-400,1h,"{""rho"": 0.7}",100,5027,1.2432523471542378,2.3497878638024283,0.07142857142857142,0.0784313725490196,0.21568627450980393,0.35294117647058826,,1.0,4.0,3.0,72.0,0.8452593156985932,662.0
h020_oi_roundtrip,301-400,1h,"{""v"": 0.02}",100,5625,-1.1118267797222492,-0.15431241163463652,0.0,0.8823529411764706,0.9803921568627451,0.9019607843137255,,1.0,4.0,3.0,72.0,0.6111767443284013,909.0
h020_oi_roundtrip,301-400,1h,"{""v"": 0.035}",100,1999,0.3097463261594176,0.9941491550001855,0.05238095238095238,0.6078431372549019,0.8431372549019608,0.6862745098039216,,1.0,4.0,3.0,72.0,0.46159884345585145,249.0
h020_oi_roundtrip,301-400,1h,"{""v"": 0.06}",100,558,1.2141116303570239,2.100128784290389,0.1984126984126984,0.5882352941176471,0.45098039215686275,0.45098039215686275,,1.0,4.0,3.0,72.0,-2.1998309253201183,34.0
liq_flush,301-400,15m,"{""k"": 5}",100,3349,1.7590008959382213,2.5944192147065355,0.21904761904761905,0.47058823529411764,0.0196078431372549,0.0196078431372549,момент (рыночный),0.25,4.0,3.0,32.0,0.14691473373468622,988.0
liq_flush,301-400,15m,"{""k"": 10}",100,2596,1.6592945821049996,2.5917657343475247,0.28095238095238095,0.43137254901960786,0.0196078431372549,0.0392156862745098,момент (рыночный),0.25,4.0,3.0,32.0,0.13136940909790462,753.0
liq_flush,301-400,15m,"{""k"": 20}",100,1844,2.1060999471586808,2.678575707495716,0.3904761904761905,0.35294117647058826,0.0196078431372549,0.0196078431372549,момент (рыночный),0.25,4.0,3.0,32.0,0.12501164592951503,558.0
oi_breakout,301-400,1h,"{""n"": 24}",100,3860,-0.5572930365767247,-0.22178441967878063,0.0,1.0,0.8823529411764706,0.7450980392156863,,1.0,2.0,3.0,72.0,-0.04111127691253606,794.0
oi_breakout,301-400,1h,"{""n"": 48}",100,3062,-1.1468664190926448,-0.6123450402133342,0.0,1.0,1.0,0.9803921568627451,,1.0,2.0,3.0,72.0,-0.12300366648106077,642.0
oi_breakout,301-400,1h,"{""n"": 96}",100,2315,-0.9349311818488455,-0.4143842015613724,0.0,1.0,0.8431372549019608,0.8431372549019608,,1.0,2.0,1.5,72.0,-0.3079234877030419,494.0
squeeze_breakout,301-400,1h,"{""oi_up"": 0.0}",100,2493,-1.01011475906644,-0.280281783542506,0.0,0.9411764705882353,0.9607843137254902,0.47058823529411764,,1.0,4.0,3.0,6.0,-0.12162513246662618,401.0
squeeze_breakout,301-400,1h,"{""oi_up"": 0.03}",100,713,0.8392662246557024,1.1850987036620588,0.21428571428571427,0.47058823529411764,0.6862745098039216,0.0784313725490196,,0.25,4.0,3.0,6.0,0.36580985702190977,138.0
squeeze_breakout,301-400,1h,"{""oi_up"": 0.06}",100,220,2.074724782875103,2.6493353762594465,0.6619047619047619,0.19607843137254902,0.2549019607843137,0.0392156862745098,выбор монеты,0.25,4.0,3.0,24.0,0.06287394760303551,38.0
squeeze_fuel,301-400,1h,"{""oi_up"": 0.05}",100,185,1.2047581369814635,1.768467393023099,0.29523809523809524,0.23529411764705882,0.4117647058823529,0.21568627450980393,,1.0,4.0,3.0,24.0,,17.0
squeeze_fuel,301-400,1h,"{""oi_up"": 0.1}",100,87,1.3244763802711563,1.8347964012634517,0.3746031746031746,0.11764705882352941,0.39215686274509803,0.3333333333333333,,1.0,2.0,2.0,6.0,,5.0
squeeze_fuel,301-400,1h,"{""oi_up"": 0.15}",100,50,1.4535736311454779,1.8533650115542455,0.5095238095238095,0.058823529411764705,0.4117647058823529,0.3137254901960784,,0.25,4.0,1.5,72.0,,3.0
stop_hunter,301-400,1h,"{""sens"": 1}",100,21098,1.9703691073510372,2.6949841442167752,0.08253968253968254,0.21568627450980393,0.6274509803921569,0.0196078431372549,,0.25,4.0,3.0,72.0,0.0066454341268516424,7675.0
stop_hunter,301-400,1h,"{""sens"": 2}",100,18152,1.857601877003877,2.5295749585130154,0.08888888888888889,0.3137254901960784,0.5490196078431373,0.0196078431372549,,0.25,4.0,3.0,72.0,0.09392236050121838,6544.0
stop_hunter,301-400,1h,"{""sens"": 3}",100,12050,1.805234617158681,2.4660158607574187,0.1111111111111111,0.29411764705882354,0.43137254901960786,0.0196078431372549,,0.25,4.0,3.0,72.0,0.06329743860531971,4331.0
sweep,301-400,1h,"{""vmult"": 1.0}",100,7999,-2.389193559317944,-1.193061209749301,0.0,0.803921568627451,1.0,0.9803921568627451,,1.0,4.0,3.0,72.0,0.05087623511443975,1729.0
sweep,301-400,1h,"{""vmult"": 1.5}",100,5921,-2.0653582312578633,-1.0907656100495549,0.0,0.9411764705882353,1.0,0.9803921568627451,,1.0,2.0,3.0,72.0,-0.054444696664981515,1299.0
sweep,301-400,1h,"{""vmult"": 2.5}",100,3350,-1.1273695302645508,0.02146912603812953,0.0015873015873015873,0.6078431372549019,0.9803921568627451,0.9019607843137255,,0.25,4.0,1.5,72.0,-0.26248352096077743,1295.0
whales_vs_crowd,301-400,1h,"{""gap"": 0.05}",100,16313,-0.0883970692382732,1.4613579899461033,0.011111111111111112,0.5686274509803921,0.9215686274509803,0.8627450980392157,,1.0,1.5,3.0,72.0,-0.1222535955499776,3858.0
whales_vs_crowd,301-400,1h,"{""gap"": 0.1}",100,10824,0.2467607521275925,1.610260119001777,0.01904761904761905,0.43137254901960786,0.8823529411764706,0.5098039215686274,,1.0,1.5,3.0,72.0,-0.11693856341155379,2476.0
whales_vs_crowd,301-400,1h,"{""gap"": 0.15}",100,6512,-0.04960477136379682,1.081788741527592,0.009523809523809525,0.49019607843137253,0.9607843137254902,0.5686274509803921,,1.0,1.5,3.0,72.0,-0.17806304691572306,1428.0
absorption,51-100,1h,"{""r"": 0.05}",50,2841,-1.090940481717306,-0.5527533949429124,0.0,0.8431372549019608,0.8431372549019608,1.0,,1.0,1.5,2.0,6.0,0.05241985587177657,545.0
absorption,51-100,1h,"{""r"": 0.08}",50,1116,-0.3240725259655716,0.26119261724873377,0.004761904761904762,0.803921568627451,0.803921568627451,1.0,,0.5,4.0,1.5,72.0,0.24551602599604708,349.0
absorption,51-100,1h,"{""r"": 0.12}",50,263,0.5778562142453647,0.9538871751430564,0.1126984126984127,0.7450980392156863,0.5294117647058824,0.4117647058823529,,0.25,3.0,2.0,24.0,0.1643579866666735,117.0
aggressor,51-100,1h,"{""vm"": 3}",50,103,1.0888948633713278,1.893255595131857,0.3333333333333333,0.5098039215686274,0.5294117647058824,0.6862745098039216,,0.5,4.0,2.0,6.0,0.07184907294309496,30.0
aggressor,51-100,1h,"{""vm"": 5}",50,26,,,,1.0,1.0,1.0,,,,,,,
aggressor,51-100,1h,"{""vm"": 8}",50,6,,,,1.0,1.0,1.0,,,,,,,
capitulation,51-100,1h,"{""move_atr"": 3, ""oi_drop"": 0.02}",50,60,1.4920781487224695,1.8445886780224894,0.5595238095238095,0.27450980392156865,0.4117647058823529,0.3333333333333333,,-0.5,2.0,1.5,6.0,,27.0
capitulation,51-100,1h,"{""move_atr"": 4, ""oi_drop"": 0.03}",50,9,,,,1.0,1.0,1.0,,,,,,,
capitulation,51-100,1h,"{""move_atr"": 5, ""oi_drop"": 0.04}",50,1,,,,1.0,1.0,1.0,,,,,,,
funding_fade,51-100,1h,"{""z"": 1.5}",50,332,0.5451600788195202,0.9832803011618638,0.06666666666666667,0.6470588235294118,0.49019607843137253,0.6862745098039216,,0.0,4.0,1.0,6.0,-0.43875224707558125,129.0
funding_fade,51-100,1h,"{""z"": 2.0}",50,236,0.4229345129604041,0.8388817294944163,0.07936507936507936,0.7450980392156863,0.5294117647058824,0.8627450980392157,,-0.5,4.0,2.0,6.0,-0.843043171958125,76.0
funding_fade,51-100,1h,"{""z"": 2.5}",50,176,0.5311730818293461,1.1983557253437798,0.12698412698412698,0.5882352941176471,0.5098039215686274,0.6862745098039216,,0.0,4.0,1.5,6.0,-0.6558433030933336,69.0
h001_liq_knife_limit,51-100,15m,"{""k"": 0.25}",50,995,0.21568447134319146,0.6983921937880374,0.046031746031746035,1.0,0.7450980392156863,0.6470588235294118,,1.0,4.0,3.0,32.0,-0.2665706930294577,261.0
h001_liq_knife_limit,51-100,15m,"{""k"": 0.5}",50,995,0.21568447134319146,0.6983921937880374,0.046031746031746035,1.0,0.7450980392156863,0.6470588235294118,,1.0,4.0,3.0,32.0,-0.2665706930294577,261.0
h001_liq_knife_limit,51-100,15m,"{""k"": 1.0}",50,995,0.21568447134319146,0.6983921937880374,0.046031746031746035,1.0,0.7450980392156863,0.6470588235294118,,1.0,4.0,3.0,32.0,-0.2665706930294577,261.0
h002_liq_decay_break,51-100,15m,"{""n"": 2}",50,1521,0.9898652550015843,1.555370492133304,0.21904761904761905,0.4117647058823529,0.19607843137254902,0.43137254901960786,,1.0,4.0,1.5,96.0,-0.04020728063403143,361.0
h002_liq_decay_break,51-100,15m,"{""n"": 4}",50,1191,2.1030686121970428,2.6887352462170253,0.44126984126984126,0.0784313725490196,0.058823529411764705,0.09803921568627451,момент и монета,1.0,1.5,1.5,8.0,0.04261908788637806,319.0
h002_liq_decay_break,51-100,15m,"{""n"": 8}",50,903,2.9811658884011596,3.801699358386962,0.6047619047619047,0.0196078431372549,0.0196078431372549,0.0392156862745098,момент и монета,0.5,1.5,2.0,8.0,-0.11808243710647859,335.0
h003_liq_absorb,51-100,15m,"{""m"": 1.0}",50,724,2.0179738749613003,2.8304161664141883,0.726984126984127,0.0392156862745098,0.11764705882352941,0.13725490196078433,момент и монета,0.5,4.0,1.5,96.0,-0.6250127355181936,267.0
h003_liq_absorb,51-100,15m,"{""m"": 1.5}",50,1361,0.8823936497552451,1.874416253256892,0.2714285714285714,0.23529411764705882,0.6470588235294118,0.47058823529411764,,0.25,4.0,1.5,96.0,-0.40473948301757173,573.0
h003_liq_absorb,51-100,15m,"{""m"": 2.0}",50,1719,1.0262335551951969,2.0335257552753316,0.2857142857142857,0.11764705882352941,0.45098039215686275,0.3333333333333333,,0.25,4.0,1.5,96.0,-0.25247959558828065,725.0
h004_bottom_squeeze_trap,51-100,15m,"{""k"": 3}",50,905,0.8065425819731538,1.9070338416995836,0.12380952380952381,0.45098039215686275,0.45098039215686275,0.8627450980392157,,1.0,4.0,3.0,96.0,-0.28326449441198387,327.0
h004_bottom_squeeze_trap,51-100,15m,"{""k"": 6}",50,752,0.48952681383056373,1.2861215468605145,0.09841269841269841,0.5882352941176471,0.39215686274509803,0.9215686274509803,,0.5,1.5,1.5,96.0,-0.2425749242842791,364.0
h004_bottom_squeeze_trap,51-100,15m,"{""k"": 12}",50,555,1.3425581776418065,3.070417453267052,0.3253968253968254,0.17647058823529413,0.19607843137254902,0.7843137254901961,,1.0,1.5,3.0,32.0,-0.22858464623138172,179.0
h005_cascade_accel,51-100,5m,"{""th"": 0.0005}",50,228,1.6963198313584893,2.3229900905903444,0.7444444444444445,0.0196078431372549,0.11764705882352941,0.27450980392156865,,-0.5,4.0,3.0,48.0,-1.6489938215367799,77.0
h005_cascade_accel,51-100,5m,"{""th"": 0.001}",50,159,1.6968384804813441,2.3077294400986554,0.7095238095238096,0.0196078431372549,0.21568627450980393,0.2549019607843137,,-0.5,4.0,3.0,48.0,-1.0942254940652487,54.0
h005_cascade_accel,51-100,5m,"{""th"": 0.002}",50,120,1.934632408218375,2.3601380279274466,0.7761904761904762,0.0196078431372549,0.1568627450980392,0.13725490196078433,момент и монета,0.0,4.0,2.0,48.0,-1.2021390006283417,58.0
h006_oi_up_in_cascade,51-100,15m,"{""x"": 0.0}",50,960,0.8798361312225969,1.3297396134572665,0.14126984126984127,1.0,0.4117647058823529,0.3137254901960784,,-0.5,4.0,3.0,96.0,-0.3508770033541788,380.0
h006_oi_up_in_cascade,51-100,15m,"{""x"": 0.005}",50,867,0.7312384234483664,1.1800668138866988,0.09841269841269841,1.0,0.37254901960784315,0.45098039215686275,,-0.5,4.0,3.0,96.0,-0.34589147158977335,345.0
h006_oi_up_in_cascade,51-100,15m,"{""x"": 0.015}",50,588,0.38361414717032116,1.0292397614723874,0.07142857142857142,1.0,0.7058823529411765,0.6078431372549019,,1.0,4.0,3.0,8.0,-0.22870970731708873,147.0
h007_idio_cascade,51-100,15m,"{""x"": 1.5}",50,19,,,,1.0,1.0,1.0,,,,,,,
h007_idio_cascade,51-100,15m,"{""x"": 2.0}",50,10,,,,1.0,1.0,1.0,,,,,,,
h007_idio_cascade,51-100,15m,"{""x"": 3.0}",50,3,,,,1.0,1.0,1.0,,,,,,,
h008_v_reclaim_break,51-100,15m,"{""r"": 0.5}",50,740,1.7222649879653338,2.096021473796154,0.6301587301587301,0.11764705882352941,0.09803921568627451,0.11764705882352941,момент и монета,0.5,2.0,2.0,96.0,-0.14470442212455098,320.0
h008_v_reclaim_break,51-100,15m,"{""r"": 0.65}",50,428,2.0999844954733042,3.0932450485576743,0.6079365079365079,0.0392156862745098,0.0784313725490196,0.0784313725490196,момент и монета,0.0,1.5,3.0,96.0,0.26829991427239747,210.0
h008_v_reclaim_break,51-100,15m,"{""r"": 0.8}",50,217,1.6019884115448653,2.0293490121307487,0.6,0.0392156862745098,0.3333333333333333,0.17647058823529413,выбор монеты,0.5,4.0,2.0,32.0,-0.3258649839869291,82.0
h009_whale_cascade_buy,51-100,15m,"{""g"": 0.002}",50,412,2.4366669646334813,2.8983512687807607,0.3603174603174603,0.23529411764705882,0.0392156862745098,0.09803921568627451,момент (рыночный),1.0,4.0,3.0,96.0,0.5667580846617613,134.0
h009_whale_cascade_buy,51-100,15m,"{""g"": 0.004}",50,230,2.1791221596536405,2.6316167537219286,0.37777777777777777,0.37254901960784315,0.11764705882352941,0.0784313725490196,момент (рыночный),1.0,4.0,3.0,96.0,1.2653385672920212,92.0
h009_whale_cascade_buy,51-100,15m,"{""g"": 0.008}",50,92,1.5345613594064293,3.171258820337845,0.3238095238095238,0.49019607843137253,0.35294117647058826,0.49019607843137253,,1.0,1.5,3.0,32.0,0.7998126913042136,48.0
h010_liq_crowd_go,51-100,15m,"{""k"": 5}",50,1051,1.7362469462998353,2.4006782492339234,0.5317460317460317,0.0784313725490196,0.0784313725490196,0.0392156862745098,момент и монета,0.25,3.0,3.0,96.0,-0.6225113499535387,388.0
h010_liq_crowd_go,51-100,15m,"{""k"": 10}",50,760,1.9195135432964499,2.6572889755340356,0.5746031746031746,0.0196078431372549,0.058823529411764705,0.058823529411764705,момент и монета,0.25,3.0,1.5,96.0,-1.592730686600257,255.0
h010_liq_crowd_go,51-100,15m,"{""k"": 20}",50,508,1.7744728371556668,2.360843853805902,0.6079365079365079,0.11764705882352941,0.058823529411764705,0.13725490196078433,момент и монета,0.5,4.0,1.5,32.0,-1.668094555448728,147.0
h011_liq_divergence,51-100,1h,"{""r"": 1.5}",50,479,0.3115817910014804,1.0062355747304499,0.03968253968253968,0.7647058823529411,0.7254901960784313,0.9019607843137255,,1.0,1.5,3.0,6.0,1.0848473001422962,121.0
h011_liq_divergence,51-100,1h,"{""r"": 2.0}",50,384,0.2760494178025561,1.062009605575493,0.03492063492063492,0.7843137254901961,0.7450980392156863,0.8431372549019608,,1.0,4.0,3.0,6.0,0.887439898599939,98.0
h011_liq_divergence,51-100,1h,"{""r"": 3.0}",50,268,-0.2620528153413786,0.8365230109355912,0.023809523809523808,0.9411764705882353,0.8235294117647058,1.0,,0.5,1.0,3.0,6.0,0.6248324242258801,86.0
h012_squeeze_retrace,51-100,1h,"{""fr"": 0.382}",50,371,0.7830401089715673,1.2434214598495354,0.15555555555555556,0.19607843137254902,0.6862745098039216,0.5098039215686274,,0.5,4.0,1.0,72.0,0.5590360036049781,130.0
h012_squeeze_retrace,51-100,1h,"{""fr"": 0.5}",50,371,0.7830401089715673,1.2434214598495354,0.15555555555555556,0.19607843137254902,0.6862745098039216,0.5098039215686274,,0.5,4.0,1.0,72.0,0.5590360036049781,130.0
h012_squeeze_retrace,51-100,1h,"{""fr"": 0.618}",50,371,0.7830401089715673,1.2434214598495354,0.15555555555555556,0.19607843137254902,0.6862745098039216,0.5098039215686274,,0.5,4.0,1.0,72.0,0.5590360036049781,130.0
h013_liq_imb_pullback,51-100,1h,"{""s"": 0.65}",50,614,2.2032490813074648,2.74191871170946,0.4015873015873016,0.0196078431372549,0.13725490196078433,0.09803921568627451,момент и монета,0.5,4.0,3.0,72.0,-0.4906015239150759,207.0
h013_liq_imb_pullback,51-100,1h,"{""s"": 0.75}",50,529,0.3815269317720931,0.8038583721664802,0.06349206349206349,0.39215686274509803,0.803921568627451,0.7254901960784313,,0.5,4.0,1.5,72.0,-0.7060031562270624,161.0
h013_liq_imb_pullback,51-100,1h,"{""s"": 0.85}",50,418,1.2515828545918761,1.6270282656002548,0.173015873015873,0.11764705882352941,0.37254901960784315,0.19607843137254902,выбор монеты,1.0,4.0,1.5,72.0,-1.221065446260542,76.0
h014_liq_side_flip,51-100,1h,"{""s"": 0.6}",50,503,0.7365384348719741,1.4348281058149397,0.16825396825396827,0.9019607843137255,0.7843137254901961,0.7647058823529411,,1.0,4.0,3.0,6.0,0.28951127035439356,149.0
h014_liq_side_flip,51-100,1h,"{""s"": 0.7}",50,340,1.090501873849074,2.0020335779311518,0.273015873015873,0.7843137254901961,0.7647058823529411,0.3333333333333333,,0.25,4.0,3.0,24.0,0.5625031858813928,148.0
h014_liq_side_flip,51-100,1h,"{""s"": 0.8}",50,210,1.130303226825161,1.8892301127341615,0.3761904761904762,0.6666666666666666,0.6666666666666666,0.7254901960784313,,0.5,4.0,2.0,24.0,1.2189554156552644,72.0
h015_fund_flip_cascade,51-100,1h,"{""th"": 0.0015}",50,278,2.208114285621181,4.038968529903473,0.5095238095238095,0.23529411764705882,0.13725490196078433,0.0196078431372549,момент (рыночный),1.0,4.0,3.0,6.0,0.30217165250355527,50.0
h015_fund_flip_cascade,51-100,1h,"{""th"": 0.003}",50,170,2.427084965077097,5.8409954833646145,0.6825396825396826,0.27450980392156865,0.11764705882352941,0.0392156862745098,момент (рыночный),1.0,4.0,3.0,6.0,0.9174204797584188,37.0
h015_fund_flip_cascade,51-100,1h,"{""th"": 0.006}",50,118,1.9488375418289974,5.983562617627512,0.7285714285714285,0.43137254901960786,0.21568627450980393,0.21568627450980393,,1.0,1.0,3.0,72.0,,21.0
h016_crowd_ignition,51-100,1h,"{""q"": 0.1}",50,124,1.4089864744371543,2.5921973548865505,0.32222222222222224,0.19607843137254902,0.5294117647058824,0.2549019607843137,,1.0,3.0,3.0,24.0,,29.0
h016_crowd_ignition,51-100,1h,"{""q"": 0.2}",50,172,1.594292912262242,3.1164764884739458,0.3380952380952381,0.058823529411764705,0.35294117647058826,0.23529411764705882,,1.0,1.5,3.0,72.0,-0.31821234812142773,31.0
h016_crowd_ignition,51-100,1h,"{""q"": 0.3}",50,209,1.5025512702458608,2.980714472510639,0.26031746031746034,0.13725490196078433,0.4117647058823529,0.3137254901960784,,1.0,2.0,3.0,72.0,-0.3755709815262076,38.0
h017_no_bounce_cont,51-100,1h,"{""b"": 0.4}",50,205,2.867042949501138,3.2869563450053,0.665079365079365,0.058823529411764705,0.0392156862745098,0.0392156862745098,момент и монета,0.0,1.5,1.5,6.0,0.3799213182329458,95.0
h017_no_bounce_cont,51-100,1h,"{""b"": 0.5}",50,457,2.8753989738710546,3.153316929586266,0.6857142857142857,0.0196078431372549,0.11764705882352941,0.0196078431372549,момент и монета,0.0,1.5,1.5,6.0,0.4130326974456417,204.0
h017_no_bounce_cont,51-100,1h,"{""b"": 0.6}",50,688,2.8512837667768687,3.1124446380408965,0.7888888888888889,0.0392156862745098,0.19607843137254902,0.0392156862745098,момент и монета,0.0,1.5,2.0,6.0,0.4174436538754532,313.0
h018_trend_shakeout,51-100,1h,"{""v"": 0.015}",50,5162,1.521028359758458,2.4938929897515343,0.2873015873015873,0.3137254901960784,0.39215686274509803,0.17647058823529413,,0.25,4.0,1.5,24.0,0.1784078551689324,2104.0
h018_trend_shakeout,51-100,1h,"{""v"": 0.025}",50,2483,2.596215533093772,3.407550143346049,0.6142857142857143,0.0784313725490196,0.2549019607843137,0.058823529411764705,выбор монеты,0.25,4.0,1.5,24.0,0.34275703366068916,1133.0
h018_trend_shakeout,51-100,1h,"{""v"": 0.04}",50,978,3.6307020768525806,3.9646349230887687,0.7317460317460317,0.0196078431372549,0.1568627450980392,0.0196078431372549,момент и монета,-0.5,4.0,3.0,24.0,-0.52242659222453,410.0
h019_oi_driver_fade,51-100,1h,"{""rho"": 0.3}",50,3381,1.4893573020192141,3.0317736954974377,0.15873015873015872,0.4117647058823529,0.11764705882352941,0.11764705882352941,момент (рыночный),1.0,1.0,3.0,6.0,0.173037783763845,495.0
h019_oi_driver_fade,51-100,1h,"{""rho"": 0.5}",50,3205,1.576593408403637,2.9439866673458015,0.21587301587301588,0.3333333333333333,0.17647058823529413,0.1568627450980392,момент (рыночный),1.0,3.0,3.0,6.0,0.22511083242605762,466.0
h019_oi_driver_fade,51-100,1h,"{""rho"": 0.7}",50,2681,1.6867647082613957,3.115748865778681,0.2015873015873016,0.35294117647058826,0.17647058823529413,0.17647058823529413,момент (рыночный),1.0,1.0,3.0,6.0,0.12248150790737078,401.0
h020_oi_roundtrip,51-100,1h,"{""v"": 0.02}",50,3022,0.7699991234703594,1.781726561965828,0.031746031746031744,0.49019607843137253,0.6470588235294118,0.6274509803921569,,1.0,4.0,3.0,72.0,1.0485323007981222,603.0
h020_oi_roundtrip,51-100,1h,"{""v"": 0.035}",50,1125,0.9608165866267218,1.8728431630648672,0.050793650793650794,0.3137254901960784,0.7450980392156863,0.47058823529411764,,1.0,4.0,3.0,72.0,1.2288080494200195,292.0
h020_oi_roundtrip,51-100,1h,"{""v"": 0.06}",50,360,1.4827597082582047,2.219949973188045,0.12222222222222222,0.35294117647058826,0.6274509803921569,0.3137254901960784,,1.0,4.0,3.0,72.0,1.1028154649876252,102.0
liq_flush,51-100,15m,"{""k"": 5}",50,2204,1.8924578958189915,2.3766016607768776,0.33174603174603173,0.5882352941176471,0.0392156862745098,0.0784313725490196,момент (рыночный),0.5,2.0,2.0,8.0,-0.03287098985261491,671.0
liq_flush,51-100,15m,"{""k"": 10}",50,1567,2.474943462399864,3.1265892033885327,0.43333333333333335,0.39215686274509803,0.0196078431372549,0.0196078431372549,момент (рыночный),0.5,2.0,3.0,8.0,0.09757458733186972,462.0
liq_flush,51-100,15m,"{""k"": 20}",50,1029,3.2859902748739085,4.124717802492764,0.5666666666666667,0.13725490196078433,0.0196078431372549,0.058823529411764705,момент и монета,0.5,2.0,3.0,8.0,-0.33180748562720686,268.0
oi_breakout,51-100,1h,"{""n"": 24}",50,2246,2.0917765839099682,2.756951152375323,0.4174603174603175,0.058823529411764705,0.13725490196078433,0.058823529411764705,момент и монета,0.5,4.0,3.0,24.0,0.43436681444926656,881.0
oi_breakout,51-100,1h,"{""n"": 48}",50,1825,1.9884045389213856,2.8150152372308987,0.45714285714285713,0.0392156862745098,0.27450980392156865,0.058823529411764705,выбор монеты,0.5,4.0,3.0,24.0,0.24917241068171347,738.0
oi_breakout,51-100,1h,"{""n"": 96}",50,1434,1.8294477043712019,2.5633429038421767,0.45714285714285713,0.058823529411764705,0.35294117647058826,0.058823529411764705,выбор монеты,0.5,2.0,3.0,24.0,0.0005721443649933674,589.0
squeeze_breakout,51-100,1h,"{""oi_up"": 0.0}",50,1401,-0.9294772568001287,-0.45181328788283115,0.0,0.9411764705882353,1.0,0.7843137254901961,,1.0,4.0,3.0,72.0,0.06692612580370312,205.0
squeeze_breakout,51-100,1h,"{""oi_up"": 0.03}",50,326,0.6978786919834291,1.3395568837496257,0.2365079365079365,0.6666666666666666,0.803921568627451,0.39215686274509803,,0.0,4.0,3.0,72.0,-0.44741334499174845,95.0
squeeze_breakout,51-100,1h,"{""oi_up"": 0.06}",50,83,2.133201638779108,2.864936003848447,0.46825396825396826,0.13725490196078433,0.3137254901960784,0.058823529411764705,выбор монеты,0.0,4.0,3.0,72.0,,20.0
squeeze_fuel,51-100,1h,"{""oi_up"": 0.05}",50,135,1.6902200971467327,2.184255247550513,0.14761904761904762,0.4117647058823529,0.23529411764705882,0.43137254901960786,,-0.5,4.0,3.0,72.0,,26.0
squeeze_fuel,51-100,1h,"{""oi_up"": 0.1}",50,55,1.9442025639455593,2.6020194648832553,0.23809523809523808,0.27450980392156865,0.47058823529411764,0.29411764705882354,,-0.5,4.0,3.0,72.0,,9.0
squeeze_fuel,51-100,1h,"{""oi_up"": 0.15}",50,34,0.904882748543344,1.4644117506832457,0.30952380952380953,0.35294117647058826,0.6078431372549019,0.7058823529411765,,0.0,4.0,1.5,6.0,,13.0
stop_hunter,51-100,1h,"{""sens"": 1}",50,10959,2.3207073032420493,2.8102408572984476,0.2777777777777778,0.5098039215686274,0.5098039215686274,0.0196078431372549,,0.25,2.0,3.0,72.0,-0.04727562357438163,3691.0
stop_hunter,51-100,1h,"{""sens"": 2}",50,9438,2.2665435767168196,2.8325961615497297,0.24444444444444444,0.37254901960784315,0.5490196078431373,0.0196078431372549,,0.25,1.5,3.0,72.0,0.006848375877786143,3110.0
stop_hunter,51-100,1h,"{""sens"": 3}",50,6350,1.785948963148229,2.214908672045579,0.1349206349206349,0.47058823529411764,0.5490196078431373,0.058823529411764705,,0.25,1.5,3.0,72.0,-0.04121405625847867,2057.0
sweep,51-100,1h,"{""vmult"": 1.0}",50,4450,-1.1804197886513041,-0.3424180152895671,0.0,0.8431372549019608,0.9019607843137255,1.0,,0.25,4.0,3.0,6.0,-0.15964845023778876,1453.0
sweep,51-100,1h,"{""vmult"": 1.5}",50,3322,-0.7547554014220447,0.3848025979145061,0.004761904761904762,0.7254901960784313,0.9019607843137255,0.9215686274509803,,0.25,4.0,3.0,6.0,-0.23704557176280253,1070.0
sweep,51-100,1h,"{""vmult"": 2.5}",50,1844,-0.6203519654823068,0.29254696009680486,0.004761904761904762,0.7647058823529411,0.9215686274509803,0.8823529411764706,,0.25,4.0,1.0,6.0,-0.13836106805144047,584.0
whales_vs_crowd,51-100,1h,"{""gap"": 0.05}",50,9478,0.08427186154006026,0.6698204700252443,0.022222222222222223,0.5098039215686274,0.39215686274509803,0.5490196078431373,,1.0,3.0,3.0,24.0,0.5077397857204999,2689.0
whales_vs_crowd,51-100,1h,"{""gap"": 0.1}",50,7039,-0.7847546437906101,-0.14994499451403398,0.0,0.8823529411764706,0.803921568627451,0.7254901960784313,,1.0,3.0,3.0,24.0,0.37036718794807966,2078.0
whales_vs_crowd,51-100,1h,"{""gap"": 0.15}",50,4511,-0.586434325234528,-0.16765170417373818,0.0,0.6470588235294118,0.7058823529411765,0.8627450980392157,,1.0,3.0,1.5,24.0,0.42220804803904755,1371.0
